:020000040800F2
:1000000000060020E1020008E3020008E302000805
:10001000E3020008E3020008E3020008E30200082C
:10002000E3020008E3020008E3020008D1770008B9
:10003000E3020008E3020008E3020008E30200080C
:10004000E3020008E3020008E3020008E3020008FC
:10005000E3020008E3020008E3020008E3020008EC
:10006000E3020008E3020008E30200080D4700086D
:1000700035470008614700088D470008B947000868
:10008000E14700080D480008E3020008E302000809
:10009000E3020008E3020008E3020008E3020008AC
:1000A000E3020008E3020008E3020008E30200089C
:1000B000E3020008E3020008E3020008E30200088C
:1000C000E3020008E3020008E3020008E30200087C
:1000D000E3020008E3020008E3020008E30200086C
:1000E000E3020008E3020008E3020008E30200085C
:1000F000E3020008E3020008E302000839480008B0
:10010000E302000891870008B9870008E3020008AD
:10011000E3020008E3020008E3020008E30200082B
:10012000654800088D480008B9480008E5480008FF
:1001300011490008E3020008E3020008E302000896
:10014000E3020008E3020008E3020008E3020008FB
:10015000394900086549000891490008E302000890
:10016000E3020008E3020008E3020008E3020008DB
:10017000E302000869840008E3020008E3020008C3
:10018000E3020008E3020008A5870008E302000874
:10019000E3020008E3020008E3020008E3020008AB
:1001A000E3020008E3020008E3020008E30200089B
:1001B000E3020008E3020008E3020008E30200088B
:1001C000E3020008E3020008E3020008E30200087B
:1001D000E302000855840008E3020008E302000877
:1001E000E3020008E3020008E3020008E30200085B
:1001F000E3020008E3020008E3020008E30200084B
:10020000E3020008E3020008E3020008E30200083A
:10021000E3020008E3020008E3020008E30200082A
:10022000E3020008E3020008E3020008E30200081A
:10023000E3020008E3020008E3020008E30200080A
:10024000E3020008E3020008E3020008E3020008FA
:10025000E3020008E3020008E3020008E3020008EA
:10026000E3020008E3020008E3020008E3020008DA
:10027000E3020008E3020008E3020008E3020008CA
:10028000E3020008E3020008E3020008E3020008BA
:10029000E3020008E3020008E3020008E3020008AA
:1002A000E3020008E3020008E3020008E30200089A
:1002B000E3020008E3020008E3020008E30200088A
:1002C000E3020008E3020008E3020008E30200087A
:1002D000E3020008E3020008E3020008E30200086A
:1002E00002E000F000F8FEE772B6374880F30888B5
:1002F000364880F3098836483649086040F20000E5
:10030000CCF200004EF63471CEF200010860BFF36B
:100310004F8FBFF36F8F40F20000C0F2F0004EF637
:100320008851CEF200010860BFF34F8FBFF36F8F8B
:100330004FF00000E1EE100A4EF63C71CEF20001E3
:100340000860022080F31488BFF36F8F07F0A2FAD1
:1003500006F01AFC4FF055301F491B4A91423CBF32
:1003600041F8040BFAE71D49184A91423CBF41F895
:10037000040BFAE71A491B4A1B4B9A423EBF51F83D
:10038000040B42F8040BF8E700201849184A914280
:100390003CBF41F8040BFAE707F0BAFA06F078FC24
:1003A000144C154DAC4203DA54F8041B8847F9E7A6
:1003B00000F0C4F9114C124DAC4203DA54F8041B9E
:1003C0008847F9E707F0A2BA0006002000220020C3
:1003D0000000000808ED00E00000002000060020FA
:1003E000189C0008002200206C22002070220020AF
:1003F000D45D0020E0020008E0020008E0020008EE
:10040000E00200082DE9F04F2DED108AC1F80CD064
:10041000D0F80CD0BDEC108ABDE8F08F002383F338
:1004200011882846A047002006F090F9FEE706F064
:10043000E3F800DFFEE7000053B94AB9002908BF1E
:1004400000281CBF4FF0FF314FF0FF3000F074B9AF
:10045000ADF1080C6DE904CE00F006F8DDF804E01B
:10046000DDE9022304B070472DE9F047089D0446FA
:100470008E46002B4DD18A42944669D9B2FA82F257
:1004800052B101FA02F3C2F1200120FA01F10CFA93
:1004900002FC41EA030E94404FEA1C48210CBEFBCB
:1004A000F8F61FFA8CF708FB16E341EA034306FB54
:1004B00007F199420AD91CEB030306F1FF3080F0E3
:1004C0001F81994240F21C81023E63445B1AA4B230
:1004D000B3FBF8F008FB103344EA034400FB07F7D2
:1004E000A7420AD91CEB040400F1FF3380F00A8113
:1004F000A74240F207816444023840EA0640E41B08
:1005000000261DB1D4400023C5E900433146BDE8B3
:10051000F0878B4209D9002D00F0EF800026C5E955
:10052000000130463146BDE8F087B3FA83F6002E6D
:100530004AD18B4202D3824200F2F980841A61EBE5
:10054000030301209E46002DE0D0C5E9004EDDE703
:1005500002B9FFDEB2FA82F2002A40F09280A1EBEB
:100560000C014FEA1C471FFA8CFE0126200CB1FB40
:10057000F7F307FB131140EA01410EFB03F0884239
:1005800008D91CEB010103F1FF3802D2884200F2C6
:10059000CB804346091AA4B2B1FBF7F007FB101158
:1005A00044EA01440EFB00FEA64508D91CEB0404F6
:1005B00000F1FF3102D2A64500F2BB800846A4EB51
:1005C0000E0440EA03409CE7C6F12007B34022FA3C
:1005D00007FC4CEA030C20FA07F401FA06F31C436B
:1005E000F9404FEA1C4900FA06F3B1FBF9F8200C78
:1005F0001FFA8CFE09FB181140EA014108FB0EF0BE
:10060000884202FA06F20BD91CEB010108F1FF3A0D
:1006100080F08880884240F28580A8F10208614419
:10062000091AA4B2B1FBF9F009FB101144EA014127
:1006300000FB0EFE8E4508D91CEB010100F1FF34D2
:100640006CD28E456AD90238614440EA0840A0FB6A
:100650000294A1EB0E01A142C846A64656D353D040
:100660005DB1B3EB080261EB0E0101FA07F722FA64
:1006700006F3F1401F43C5E9007100263146BDE88D
:10068000F087C2F12003D8400CFA02FC21FA03F3F0
:10069000914001434FEA1C471FFA8CFEB3FBF7F071
:1006A00007FB10360B0C43EA064300FB0EF69E4296
:1006B00004FA02F408D91CEB030300F1FF382FD22F
:1006C0009E422DD9023863449B1B89B2B3FBF7F6D7
:1006D00007FB163341EA034106FB0EF38B4208D9B0
:1006E0001CEB010106F1FF3816D28B4214D9023EF1
:1006F0006144C91A46EA004638E72E46284605E70F
:100700000646E3E61846F8E64B45A9D2B9EB0208DF
:1007100064EB0C0E0138A3E74646EAE7204694E76F
:100720004046D1E7D0467BE7023B614432E73046A2
:1007300009E76444023842E7704700BF38B501F06A
:1007400079FA01F037FC06F03FFF054607F032F872
:100750000446D0B90F4B9D4219D001339D4241F25E
:10076000883504BF01240025002006F037FF0CB1B6
:1007700000F076F801F0BCFB00F012FD08B100F0CB
:100780006FF8284600F01AF9F9E70025ECE705466E
:10079000EAE700BF010007B008B501F017FAA0F1C1
:1007A00020035842584108BD07B5042101900DEBC4
:1007B000010001F029FA03B05DF804FB38B53023DD
:1007C00083F31188174803680BB106F0A3F80023E0
:1007D000154A4FF47A71134806F092F8002383F318
:1007E0001188124C236813B12368013B23606368AE
:1007F00013B16368013B63600D4D2B7833B96368B7
:100800007BB9022001F0DEFA322363602B78032BE0
:1008100007D163682BB9022001F0D4FA4FF47A7340
:10082000636038BD70220020BD07000890230020BF
:1008300088220020084B187003280CD8DFE800F04D
:1008400008050208022001F0B3BA022001F0A6BA9E
:10085000024B00225A60704788220020902300201B
:10086000F8B5504B504A1C461968013100F0998088
:1008700004339342F8D162684C4B9A4240F2918023
:100880004B4B9B6803F1006303F500339A4280F001
:100890008880002001F0F4F90220FFF7CBFF454BE0
:1008A0000021D3F8E820C3F8E810D3F81021C3F8EA
:1008B0001011D3F81021D3F8EC20C3F8EC10D3F8C2
:1008C0001421C3F81411D3F81421D3F8F020C3F87D
:1008D000F010D3F81821C3F81811D3F81821D3F861
:1008E000802042F00062C3F88020D3F8802022F0FC
:1008F0000062C3F88020D3F88020D3F8802042F033
:100900000072C3F88020D3F8802022F00072C3F870
:100910008020D3F8803072B64FF0E023C3F8084D42
:10092000D4E90004BFF34F8FBFF36F8F224AC2F8A0
:100930008410BFF34F8F536923F480335361BFF3A7
:100940004F8FD2F8803043F6E076C3F3C905C3F386
:100950004E335B0103EA060C29464CEA81770139E4
:10096000C2F87472F9D2203B13F1200FF2D1BFF319
:100970004F8FBFF36F8FBFF34F8FBFF36F8F5369ED
:1009800023F4003353610023C2F85032BFF34F8F7A
:10099000BFF36F8F302383F31188854680F3088877
:1009A0002047F8BD0000020820000208FFFF0108F0
:1009B000002200200044025800ED00E02DE9F04F35
:1009C00095B0DFF8D8922022FF21029004A8D9F830
:1009D000085001F037FAA84A1378A3B90121A748B3
:1009E00011700360302383F3118803680BB105F0A5
:1009F00091FF0023A24A4FF47A71A04805F080FFCE
:100A0000002383F31188029B13B19E4B029A1A6054
:100A10009D4A1378032B03D000231370994A536027
:100A20004FF0000B029C5E46DA46CDF804B0012080
:100A300001F0BEF924B1934B1B68002B00F0288213
:100A4000002001F0C3F8B0F10008F3DB012001F051
:100A5000A5F9A8F121031F2BE9D801A252F823F030
:100A6000E10A0008FD0A00088B0B00082F0A0008A5
:100A70002F0A00082F0A0008150C0008070E0008AE
:100A8000F90C0008550D00087B0D0008A10D0008A9
:100A90002F0A0008B30D0008D70D00084F0E0008FC
:100AA000690B00082F0A0008970E0008ED0A0008DD
:100AB000690B00082F0A0008550D00082F0A0008CE
:100AC0002F0A00082F0A00082F0A00082F0A000822
:100AD0002F0A00082F0A00082F0A00088B0B0008B5
:100AE0000220FFF759FE002840F0FF81029B0221FF
:100AF0006648BBF1000F08BF1C4640E04FF47A7017
:100B000001F064F8071EF1DB0220FFF745FE002824
:100B1000ECD0013F052F00F2EA81DFE807F0030780
:100B20000A0D10330520FFF73FFE14E0D9F800004E
:100B3000F9E7D9F80400F6E7D9F80800F3E74FF031
:100B40001C08404608F1040801F09CF8FFF72CFE51
:100B5000B8F12C0FF5D10120019B4FF0000A00FAEB
:100B600007F71F43FBB2019301F0B8F92EB1019BC7
:100B700003F00B030B2B08BF00240221444801F0B3
:100B800043F854E7D9F80C00CDE7002EAED0019B16
:100B900003F00B030B2BA9D10220FFF7FDFD074645
:100BA0000028A3D00120002601F06AF80220FFF7F8
:100BB00041FE1FFA86FB584601F072F8044688B1E0
:100BC000A8F14002584601365142514101F078F8EF
:100BD0000028EED1BB46044602212E483E4601F0D5
:100BE00013F824E725460120FFF724FED9F8083042
:100BF000AB4207D9284601F045F8013040F07A8130
:100C00000435F3E70025204BBB463E461D701D4BC7
:100C10005D60A9E7002E3FF469AF019B03F00B0371
:100C20000B2B7FF463AF0220FFF704FE322000F0AD
:100C3000CDFFB0F10008FFF659AF18F003077FF4BD
:100C400055AF08EB0503D9F8082093423FF64EAFA5
:100C5000B8F5807F3FF74AAF0F4BB84503931FDDD0
:100C60004FF47A7000F0B2FF0028FFF63FAF039B0D
:100C7000013703F8010BF0E78C23002070220020DD
:100C8000BD0700089023002088220020E091000882
:100C9000D8910008DC9100088C220020002200205E
:100CA000C820FFF779FD074600283FF41FAF1F2D2E
:100CB00011D8C5F1200204AB25F003008F4942454D
:100CC000184428BF4246039201F096F8039AFF2188
:100CD0008A4801F0B7F84FEAA803C8F387028749AA
:100CE0002846039301F0B6F8064600283FF474AF97
:100CF000039B05EB830537E70220FFF74DFD002836
:100D00003FF4F4AE00F0FAFF00283FF4EFAE002706
:100D1000B846D9F80830BB4218D91F2F11D8049B08
:100D200001330ED027F0030314AA134453F8403CB8
:100D30000C93404604220CA9043701F04DF980467B
:100D4000E7E7384600F09EFF0C90F2E74046FFF7D9
:100D50002BFD09E7002364210CA80C9300F04AFF47
:100D600000287FF4C3AE0220FFF716FD00283FF4F1
:100D7000BDAE0C9800F0B8FFE9E7002364210CA891
:100D80000C9300F037FF00287FF4B0AE0220FFF78D
:100D900003FD00283FF4AAAE0C9800F0A7FFD6E7A9
:100DA0000220FFF7F9FC00283FF4A0AE00F0B6FFE8
:100DB000CDE70220FFF7F0FC00283FF497AE0CA926
:100DC000142000F0B1FF0390FFF7EEFC03990CA88C
:100DD00000F01AFFC8E60220FFF7DEFC00283FF40F
:100DE00085AE474B0CAF03F1100C1868083353F86D
:100DF000041C3A46634503C21746F6D11020FFF79C
:100E0000D3FC1021E3E7322000F0E0FE071EFFF6DE
:100E10006DAEBB077FF46AAE07EB0A03D9F8082072
:100E200093423FF663AE0220FFF7B6FC00283FF482
:100E30005DAE27F003075744BA453FF495AE5046E0
:100E40000AF1040A00F01EFFFFF7AEFCF4E74FF4CE
:100E50007A70FFF7A1FC00283FF448AE00F04EFF87
:100E6000002849D0049B01330BD0082204A900209C
:100E700000F0F0FF00283FD02022FF2104A800F05E
:100E8000E1FF2048022100F0BFFE1F4805F064FC8E
:100E900015B0BDE8F08F002E3FF428AE019B03F0A3
:100EA0000B030B2B7FF422AE002364210CA80C93C0
:100EB00000F0A0FE074600287FF418AE0220FFF7DE
:100EC0006BFC804600283FF411AE02210D4800F073
:100ED0009BFE41F2883005F03FFC0C9801F048F889
:100EE00046463C4600F0FAFFA1E506463CE64FF0D8
:100EF000000AFBE5BB466FE637466DE68C22002014
:100F0000C4910008D8910008A08601007047000035
:100F1000704700007047000038B505461446084683
:100F20000322064900F072FF38B905F10802204695
:100F30001021BDE8384001F07BB838BDE4910008CD
:100F40002DE9F04100F58037044616463B7C5BB93D
:100F5000C0681030204400F04FFFE5683544B5F517
:100F6000004FE56002D816B1BDE8F081DEB905F0AA
:100F70007F0605F110000021C6F180062044F6B27C
:100F800032462E4400F05EFFA06804F1100832469D
:100F900000F10060414600F5003006F0B5F830B9C8
:100FA00001233B74E0E74FF400463546ECE7A268C6
:100FB00005F11001404632442144A260E268521B10
:100FC000E26000F019FF0220BDE8F04100F0FABE37
:100FD000183000F0B9BC000010B5044601F052F81A
:100FE000204610BD10B5044601F04CF8204610BD57
:100FF0002DE9F04FADF53F7D0746416801222AA853
:1010000002F030FF002840F0878006468246814685
:101010001125DFF80C81DFF80CB101AB4FF48052E1
:1010200041462AA803F07EF8002875D1019AB2F54E
:10103000805F71D8002A65D00446019A9442ECD2B0
:10104000282D0FD008DC132D2DD01E2D39D0112DB9
:1010500013D00134A4B2F0E7322D2DD0372D2FD08C
:101060002D2DF6D13B68121B08EB040138461B6995
:101070002D259847BDF80440EBE7121B022A09D939
:10108000594608EB040000F0C1FE18B902342825C7
:10109000A4B2DEE718F804303A2B3DD00A2B1CBF6F
:1010A000A1461325D5E718F804300A2B34D03A2B83
:1010B00004BFA2463225CCE718F80430202BC8D054
:1010C000264618F804300A2B1AD1AAEB090208EBBD
:1010D000090102A811254F2A28BF4F2208F05EF807
:1010E000A21B08EB060116A84F2A28BF4F2208F0C2
:1010F00055F83B6816AA02A9DB6838469847A8E766
:101100001E25A6E73B68384604491B69984701201D
:101110000DF53F7DBDE8F08F0020F9E7E69200086D
:1011200098230020E891000800F1180110B504464A
:1011300086B00846019100F0F1FB2046FFF758FF0A
:1011400060B1019902A800F049FC102204F10801E5
:1011500002A807F0E3FFB0FA80F0400906B010BD26
:1011600070B504460025EEB2304600F099FD58B146
:1011700000213046013500F0A3FD08B9002070BD04
:10118000022000F01FFEEEE72046FFF731FF0028A7
:10119000F4D004F58034207C80F00100EFE70000FB
:1011A000F0B5C9B006F028FA00F088FF18B900259C
:1011B000284649B0F0BD69462A4803F075F8002872
:1011C0004BD1294C204603F09FF8284803F09CF8A7
:1011D000274803F099F82146224803F011F9002826
:1011E000E5D1702000F048FF064610B1214B446065
:1011F0000360336830469B689847054600282ED028
:101200001A4F1948394603F0FBF805460028CED19D
:10121000194800F031FF044638B1184B47600360AD
:1012200000F58033C0E902551D74236820469B6891
:101230009847054628B10E490C4803F0E1F800280C
:10124000B5D1336830465B6898471CB123682046A7
:101250005B68984700F01AFFAAE70025FAE7044602
:10126000EFE700BFEC910008FC9100081392000822
:10127000299200084C9200081400010068920008AE
:101280002DE9F04FD44A8DB00B68D0F804A001933B
:101290001A440368D14E1A44D1F81C90DFF8B4C345
:1012A000DFF8B4B3D0E90234634003EA0A036340D1
:1012B00013444A6802920AEB7363029CC84A2244B0
:1012C000C468224484688AEA04051D4065401544C8
:1012D0008A68039203EB3555039CC24A2244846812
:1012E00022448AEA03042C4084EA0A041444CA68AB
:1012F00005EBF4340492164483EA05022240564476
:101300005A4032440E69059604EBB222059FB64E50
:101310003E441E4485EA040313406B4033444E6947
:10132000069602EB7363069FB04E3E442E4484EA59
:1013300002051D40654035448E69079603EB35551F
:10134000079FAB4E3E44264482EA03042C4054409F
:101350003444A84E4E4405EBF434164483EA0502A7
:1013600022405A4032440E6A089604EBB222089F8B
:10137000A14E3E441E4485EA040313406B403344AF
:101380004E6A099602EB7363099F9C4ED1F830E0D8
:101390003E44D1F83880F3442E4484EA02051D40CF
:1013A000654035448E6AA6F5244703EB35550A9609
:1013B0004F3F274482EA03042C4054403C44CF6A08
:1013C0000B9705EBF4340B9E8D4F3744029E174468
:1013D00083EA050222405A403A448A4F774404EB9C
:1013E000B2221F4485EA040313406B403B444F6B19
:1013F000BC4402EB7363654484EA020C0CEA030C00
:101400008CEA040C6544DFF854C2C44403EB355540
:10141000A44482EA03042C4054406444D1F83CC004
:10142000794905EBF4346144114483EA0502224012
:101430005A400A44754904EBB2223144079E1944CC
:1014400084EA02032B4063400B44714902EBF363CF
:1014500031440B9E0D4482EA03012140514029444E
:101460006C4D03EBF1513544019E254483EA0104A0
:1014700014405C402C44684D01EBB4443544069E56
:10148000154481EA04021A404A402A44634D04EBA1
:10149000323235440A9E1D4484EA02030B40634005
:1014A0002B445F4D02EBF3633544059E0D4482EA05
:1014B00003012140514029445A4D03EBF151654449
:1014C000254483EA010414405C402C44564D01EB52
:1014D000B4443544099E154481EA04021A404A4046
:1014E0002A44524D04EB32323544049E1D4484EAB2
:1014F00002030B4063402B444D4D02EBF363454424
:101500000D4482EA0301214051402944494D03EB37
:10151000F1513544089E2C4483EA010515405D4095
:101520002C44454D01EBB4443544039E2A4481EAE2
:1015300004051D404D402A44404D04EB32323D44E9
:101540002B4484EA020593440D4065402B443C4DF6
:1015500002EBF3633544069E294482EA03052540E5
:1015600055402944374D03EBF1514D442C4483EA57
:10157000010515405D40254401EBB54581EA0504B0
:1015800004EA03024A405A44A6F5B82B089E05EB2C
:101590003232ABF2BE6B54405B4423442A4C344499
:1015A00002EB33730B9E0C4485EA0201594021443F
:1015B000264C344403EB7151029E254482EA030415
:1015C0004C402544224C444401EB3545144483EA05
:1015D00001026A40224443E078A46AD7EECEBDC13E
:1015E00056B7C7E8DB702024AF0F7CF52AC68747C3
:1015F000134630A8019546FDD8988069AFF7448B13
:10160000BED75C892211906B2108B44962251EF671
:1016100040B340C0515A5E26AAC7B6E95D102FD626
:101620005314440281E6A1D8C8FBD3E7E6CDE121FB
:10163000D60737C3870DD5F4ED145A4505E9E3A95C
:10164000F8A3EFFCD9026F6781F6718722619D6D67
:101650000C38E5FD937198FD8A4C2A8D8E4379A64E
:10166000934C344405EB7222059E1C4481EA050329
:10167000534023448F4C344402EB33730A9E0C4492
:1016800085EA0201594021448B4C4C4403EB7151D3
:10169000254482EA03044C402C44884D354401EB38
:1016A0003444019E154483EA010262402A44844D79
:1016B0003D4404EB72221D4481EA040353402B4451
:1016C000804D354402EB3373049E294484EA0205BD
:1016D0005D4029447C4D354403EB7151079E254400
:1016E00082EA03044C402C44784D354401EB3444E9
:1016F000099E2A4483EA010565401544744A324430
:1017000004EB7525039E134481EA04026A401A44DF
:10171000704B734405EB32720B4484EA050151406F
:1017200019446D4B634402EB71511C4485EA02037A
:101730004B401C44694B334401EB3444019E1D442F
:1017400082EA010363402B44654D04EB7323354467
:10175000069E154463EA010262402A44614D03EB90
:10176000B2624D4462EA040929445F4D89EA0309E3
:10177000454449442C445D4D02EBB1513544049E2F
:1017800061EA03081D4488EA0208444401EB7444FA
:1017900064EA02034B402B44554D04EBF32375449C
:1017A00063EA010E15448EEA040E0EEB0502514D5C
:1017B00003EBB262354462EA040E29440A9D8EEAC4
:1017C000030EA5F580164C4D7144A6F6833602EB48
:1017D000B151264461EA030454403444029E01EBB3
:1017E0007444354464EA02061D444E407319089E51
:1017F000424D04EBF323354463EA01061544664089
:1018000072193F4D03EBB262654462EA0406294453
:101810003C4D5E403144079E02EBB151354461EAD4
:1018200003062C44384D56403D443444059E1D4427
:1018300001EB744464EA02034B402B44334D04EB48
:10184000F32335440B9E154463EA010262402A44A7
:101850002F4D03EBB2623544039E0D4462EA04014E
:10186000594029442B4D02EBB15135442A4E2544B1
:1018700061EA030454402C44099D01EB74442E4456
:1018800064EA02051E4485EA01039D1903681A44AF
:101890000AEB040303EBF5230260436083681C44F6
:1018A000C36819448460C1600DB0BDE8F08F00BF0B
:1018B00044EABEA4A9CFDE4B604BBBF670BCBFBEF2
:1018C000C67E9B28FA27A1EA8530EFD4051D88043F
:1018D00039D0D4D9E599DBE6F87CA21F6556ACC4B3
:1018E000442229F497FF2A43A72394AB39A093FC01
:1018F000C3595B6592CC0C8FD15D84854F7EA86FF8
:10190000E0E62CFE144301A3A111084E827E53F79A
:1019100035F23ABDBBD2D72A91D386EB094B03608F
:1019200003F18833436003F12943A3F59613A3F62B
:101930008B638360A3F18833C3600023C0E9043361
:10194000704700BF012345672DE9F843144602693B
:1019500005460E46E300C2F3C50800F118079B18C0
:10196000036122BF43690133436112F4FC7F436981
:1019700003EB5473436114D0C8F1400907EB08002E
:101980004C4504D22246BDE8F84307F0D7BB403CA3
:101990004A464E4407F0D2FB444439462846FFF7F6
:1019A0006FFCA04606EB0409B8F13F0FA9EB080154
:1019B0000AD94022384607F0C1FB39462846A8F12B
:1019C0004008FFF75DFCEFE7A1096FF03F023846E2
:1019D00002FB014206EB8111D5E7000070B50B69EF
:1019E00001F1180506460C46C3F3C503EA18501C5E
:1019F0008022EA54C3F13F02072A1FD8002100F0D9
:101A000021FA29462046FFF73BFC382200212846D0
:101A100000F018FA23692946204623656369636547
:101A2000FFF72EFC21461022304607F087FB2046A8
:101A300058220021BDE8704000F004BAC3F137021B
:101A40000021E5E72DE9F84F4FF47A7306460D467D
:101A5000002402FB03F7DFF85080DFF8509098F97C
:101A600000305FFA84FA5A1C01D0A34212D159F80F
:101A700024002A4631460368D3F820B03B46D847B5
:101A8000854207D1074B012083F800A0BDE8F88FFD
:101A90000124E4E7002CFBD04FF4FA7004F05CFE64
:101AA0000020F3E7DC330020102200201422002065
:101AB00000232DE9F0471A460546884601201946BD
:101AC00003F00EF80446802005F03CFC0746002891
:101AD00061D0002C5FD03B4E28464FF0800A7369DE
:101AE00043F0C0637361D6F8143143F0C063C6F8A5
:101AF000143105F0A9FA05EB080200FB05F34FF4D9
:101B0000D06C50434FF03D0E834233D232695201C4
:101B100043D4D6F8102151013FD4216803F100626B
:101B20008A602268D7602268C2F804A02268C2F8DE
:101B300000C0D4F80090D9F8002042F00102C9F8A2
:101B40000020D4F80090D9F8002022F01E02C9F835
:101B50000020D4F80090D9F80020D207FBD494F8E4
:101B60000C90803361680EFA09F20A60CCE700201D
:101B700005F048FB204602F0F3FF384605F01EFC56
:101B8000104B5A6942F0C0625A61D3F8142142F0F6
:101B9000C062C3F81421BDE8F0870B4B9A6A42F487
:101BA00000729A629A6A42F400429A6261B6002612
:101BB000012005F027FBB045D9D9A819013605F059
:101BC0005BFAF8E70020005200ED00E0002307B5C3
:101BD000024601210DF107008DF80730FFF732FFB3
:101BE00020B19DF8070003B05DF804FB4FF0FF3013
:101BF000F9E700000A46042108B5FFF723FF80F04B
:101C00000100C0B2404208BD074B0A4630B4197803
:101C1000064B53F82140014623682046DD69044BFA
:101C2000AC4630BC604700BFDC33002014220020EB
:101C3000A086010070B5104C0025104E05F008FA82
:101C400020803068238883420CD800252088013802
:101C500005F0FAF923880544013BB5F5802F238070
:101C6000F4D370BD05F0F0F9336805440133B5F5E0
:101C7000003F3360E5D3E8E7DE33002098330020EF
:101C800005F0C0BA00F1006000F500300068704750
:101C900000F10060920000F5003005F035BA000058
:101CA000054B1A68054B1B889B1A834202D91044C6
:101CB00005F0CAB90020704798330020DE330020B9
:101CC00038B50446074D29B128682044BDE838409E
:101CD00005F0D2B92868204405F0BCF90028F3D0FB
:101CE00038BD00BF983300200020704700F1FF503E
:101CF00000F58F10D0F8000870470000064991F8F1
:101D0000243033B100230822086A81F82430FFF719
:101D1000BFBF0120704700BF9C330020014B1868F3
:101D2000704700BF0010005C194B013803220844C3
:101D300070B51D68174BC5F30B042D0C1E88A64209
:101D40000BD15C680A46013C824213460FD214F95B
:101D5000016F4EB102F8016BF6E7013A03F1080397
:101D6000ECD181420B4602D22C2203F8012B042431
:101D7000094A1688AE4204D1984284BF967803F887
:101D8000016B013C02F10402F3D1581A70BD00BF8F
:101D90000010005C1C220020A8920008022803D139
:101DA000024B4FF000729A61704700BF001002585A
:101DB000022803D1024B4FF400729A61704700BFB2
:101DC00000100258022804D1024A536983F40073B8
:101DD000536170470010025870B504464FF47A768C
:101DE0004CB1412C254628BF412506FB05F0641B5C
:101DF00004F0B2FCF4E770BD002310B5934203D0A9
:101E0000CC5CC4540133F9E710BD0000013810B5B3
:101E100010F9013F3BB191F900409C4203D11AB146
:101E20000131013AF4E71AB191F90020981A10BD76
:101E30001046FCE703460246D01A12F9011B00299E
:101E4000FAD1704702440346934202D003F8011BC3
:101E5000FAE770472DE9F8431F4D144607468846B8
:101E600095F8242052BBDFF870909CB395F824308D
:101E70002BB92022FF2148462F62FFF7E3FF95F898
:101E800024004146C0F1080205EB8000A24228BFB1
:101E90002246D6B29200FFF7AFFF95F82430A41B7C
:101EA00017441E449044E4B2F6B2082E85F824602C
:101EB000DBD1FFF723FF0028D7D108E02B6A03EB23
:101EC00082038342CFD0FFF719FF0028CBD1002037
:101ED000BDE8F8830120FBE79C330020024B1A7811
:101EE000024B1A70704700BFDC3300201022002024
:101EF00038B51A4C1A4D204603F01AFF29462046E1
:101F000003F042FF2D684FF47A70D5F89020D2F894
:101F1000043843F00203C2F80438FFF75DFF1149AB
:101F2000284604F061F8D5F890200F4DD2F8043817
:101F3000286823F002030D49A042C2F804384FF488
:101F4000E1330B6001D003F04DFE6868A04204D07D
:101F50000649BDE8384003F045BE38BD3840002092
:101F6000A09A0008A89A000814220020C433002078
:101F70000C4B70B50C4D04461E780C4B55F82620C2
:101F80009A420DD00A4B002118221846FFF75AFF3B
:101F90000460014655F82600BDE8704003F022BEFB
:101FA00070BD00BFDC330020142200203840002028
:101FB000C433002008B571B6054B1988054B188845
:101FC000FFF776FD02210E20FFF772FD61B608BD16
:101FD000DE3300209833002030B50A44084D91428A
:101FE0000DD011F8013B5840082340F30004013B99
:101FF0002C4013F0FF0384EA5000F6D1EFE730BD28
:102000002083B8ED00F00F0300F0F00200F0D000E4
:10201000402806D0302A09D1092B07D801200B709F
:1020200070475A1E052A01D80933F7E70020704788
:1020300073B51446451C8E18B4421AD00DF1060132
:1020400015F8010CFFF7DEFF10B9002002B070BDDB
:102050000DF1070115F8020BFFF7D4FF0028F4D0AB
:102060009DF806209DF8073043EA021304F8013B6F
:10207000E2E70120EAE700000121884238BF084674
:1020800005F098B908B105F099B9704710B5084C3A
:1020900001220849002001F0C1FE23783BB1064827
:1020A00003F0BAFB044803F04BFD0023237010BD7E
:1020B000E0330020B8920008C03600202DE9F0413E
:1020C000234C244E236DBBB901224FF4004104F18F
:1020D000500005F0B7FA236D1B686BB901224FF46D
:1020E000805104F1500005F0ADFA236D1B681BB957
:1020F00000203070BDE8F08133780BB1FFF7C6FFE8
:102100000324154F4FF00008114D13492846C7F816
:10211000048003F007FD284603F09CFB38B1013C26
:10212000284603F00DFD14F0FF04E1D0EDE70B4964
:1021300001220B4801F072FE014618B1284603F057
:102140006BFBECE7074800F00FF80120D1E700BF78
:10215000C0360020E033002034220020B89200086E
:10216000E4330020BC9200080FB4002004B0704794
:102170000068704703460068596870470B0A017091
:1021800043700B0C090E8370C1707047110A027006
:1021900003714170110C120E8170C2701A0A4271E3
:1021A0001A0C1B0E8271C37170470000C36A02399A
:1021B000023B8B4283BF4389006C01FB030000207C
:1021C00070470000C2F307238A76CB760378032B8F
:1021D00001BF120C0A75120A4A75704700F10B0113
:1021E0000022D30143EA520310F8012B52FA83F381
:1021F0008842DAB2F5D110467047000010B5417838
:1022000004460020013102464901022A16BFA35CA0
:10221000032203EBC03302F101021EBF9BB203EBAA
:10222000500398B29142F0D810BD000002684AB144
:10223000134613F8011B1F290DD93A29F9D1911C16
:102240008B4202D04FF0FF3070471278302AF9D11C
:10225000036000207047014B18787047303600202B
:1022600038B50D46044618B9092000232B6038BD47
:102270000368002BF8D01A78002AF5D08188DA8814
:102280009142F1D1587804F003FC10F00100EBD139
:102290002368EBE738B50D4640F25231144602F0A0
:1022A000B9F9FF2807D9012C0BD9030A0224687059
:1022B0002B70204638BD30B1002CFAD00124287094
:1022C000F7E70024F5E70446F3E700002DE9F843BB
:1022D0000026D0F8008005460C468E76836B002BD6
:1022E0004AD098F80030042B4BD13346354640276E
:1022F00020E0B7F5187F80F0C480F90606F10106EA
:1023000008BF0237D05B02372BB900F5205292B2DA
:10231000B2F5006F0DD305F11A01C5F1FF0240EAD5
:1023200003402144FFF7B6FF002800F0AA800544CF
:1023300000200346D8F8102092F82310B142D8D8D4
:10234000002B40F09E80002D00F09B800023254450
:10235000AB766373D8F81020137903F03701DB06EE
:1023600021730BD402F13800FFF704FFC4E9000128
:1023700093896381D3892381BDE8F88300200146D6
:10238000F4E7C36C01335ED1EA6B00232E26551EA1
:10239000184615F8011F013020290CD0052908BF67
:1023A000E521092804D10B2B9EBFE71801337E736A
:1023B000E718013379730B28EBD1E118002048733B
:1023C000A17E00294BD1002B40D06FF00C0604F108
:1023D0000D000825361B331810F8011B002938D0D2
:1023E0002E298BB24AD0A3F14101192903D8117BC0
:1023F0000D4200D020330373EDE7B9F1000F05D192
:1024000000F520539BB2B3F5006F0BD307F11A010F
:10241000C7F1FF0240EA09402144FFF73BFF48B102
:102420000744002002368146D8F80C30985B00281B
:10243000E3D13846B9F1000F4FF0000218BF002079
:1024400023189A76A0E7B1463746EDE73F23A376F7
:102450000123234400219976137B03B96373D37A54
:1024600002F11C0003F03F0323730023FFF780FEFB
:1024700020606360D38A6381138B7CE710250B4651
:10248000B9E73F230125A37660E7000038B505468C
:10249000002435F8020B08B9204638BD02F0EEF8EA
:1024A0006308C2B203EBC43312FA83F39AB2C0F3E7
:1024B000072303EB520303EBC2339CB2E9E70000AE
:1024C00037B5C37804461BB90025284603B030BD94
:1024D00000F14C01826C01234078019104F0FEFA76
:1024E000054680B9A36BE070A06C226BC31A9342BF
:1024F000EAD2A3780199022BE6D102440123607845
:1025000004F0ECFAE1E70125DFE7000038B5836C61
:1025100005460C468B4210D0FFF7D2FF60B9224629
:10252000012305F14C01687804F0B4FA00281CBFBF
:102530004FF0FF340120AC6438BD0020FCE7000000
:1025400038B500230446C3704FF0FF338364FFF7B0
:10255000DDFF00284BD1B4F84A524AF655239D427C
:1025600007D10B22254904F14C0006F0D7FD0028C5
:102570003FD094F84C30EB2B03D01833DBB2012B57
:102580002ED84AF655239D4206D108221C4904F153
:102590009E0006F0C3FD48B3B4F85730B3F5007F92
:1025A0001ED194F85930DBB15A1E1A4218D1B4F832
:1025B0005A30ABB194F85C30013B012B10D8B4F821
:1025C0005D306BB1B4F85F307F2B06D804F16C003E
:1025D000FFF7CEFDB0F5803F02D3B4F8623053B9B7
:1025E0004AF6552085420CBF0220032038BD042046
:1025F000FCE70120FAE70020F8E700BFE8920008B6
:10260000F492000802392DE9F04701F007044FF079
:10261000010A466C05460AFA04F41746984606EB8A
:102620001136C1F3C809E4B2314628460136FFF736
:102630006DFF18B10120BDE8F087994605EB09024E
:1026400092F84C30234214BF01210021414513D0A0
:102650006340013F82F84C3085F803A0EBD0640062
:1026600014F0FF04EAD109F1010301244FF000093D
:10267000B3F5007FE1D1D7E70220DCE7012902466C
:10268000F8B50C4640F28C800668F36A8B4240F243
:1026900087803378013B032B00F28280DFE803F070
:1026A0000229384B04EB5405B16B304601EB552140
:1026B000FFF72CFF10B14FF0FF30F8BD6F1CC5F3D2
:1026C0000805B16B3046354401EB572195F84C5065
:1026D000FFF71CFF0028EED1C7F30807E3073E44CD
:1026E00096F84C0045EA00204CBF0009C0F30B00EF
:1026F000E3E7B16B304601EB1421FFF707FF002839
:10270000D9D1640004F4FF742644B6F84C00D4E731
:10271000B16B304601EBD411FFF7F8FE0028CAD1A7
:10272000A40006F14C0004F4FE742044FFF720FDE1
:1027300020F07040C1E7D0E90430D57953EA0001B8
:1027400001D0916801B95DBB9168022DA4EB010134
:102750000DD1013B728940F1FF305B0A43EAC0535F
:10276000B3FBF2F399421BD81CD0601CA5E7032DE4
:1027700002D193698B42F8D8D3699BB9B16B3046CB
:1027800001EBD411FFF7C2FE002894D1A0004C3613
:1027900000F4FE703044FFF7EBFC20F000408CE7C3
:1027A00001208AE76FF0004087E70000F8B506686F
:1027B00004460D463378042B0CBF4FF080524FF483
:1027C00000128A4201D80220F8BDCA06FBD18268F5
:1027D0000163D2B9022B13D83389B3EB551FF2D959
:1027E000F36BA363A36B6263002BECD003EB552365
:1027F0004C36C5F308050020A3633544E563E3E7E1
:10280000F36BC271002BE7D01A4677897F02BD4275
:10281000114604D23046FFF7C9FCA063E2E7204628
:10282000FFF72CFF431C024606D00128CBD9F36AE0
:102830008342C8D9ED1BEAE70120C5E701292DE94C
:10284000F04706460C46174608D9C36A8B4205D99D
:102850000378022B62D003D8012B22D0022552E04C
:10286000033B012BFAD8816B01EBD411FFF74EFE2D
:102870000546002847D1A40006F14C0304F4FE7479
:102880001C443378042B07D0204627F07047FFF70D
:102890006FFC00F07040074339462046FFF76EFC9E
:1028A0002FE001EB5108816B01EB5821FFF72EFE61
:1028B000054640BB14F0010406F14C0908F1010A79
:1028C000C8F3080808BFFBB230461FBF19F808302C
:1028D00003F00F023B0103F0F00318BF134309F8A4
:1028E00008300123B16BF37001EB5A21FFF70EFEA4
:1028F000054640B9CAF3080A44B1C7F3071709F8F7
:102900000A700123F3702846BDE8F08719F80A30F1
:10291000C7F3032723F00F031F43F0E7816B01EB9D
:102920001421FFF7F3FD05460028ECD1640006F101
:102930004C0304F4FF741F551919C7F307274F7090
:10294000DFE70000F8B504460E461746E3690BB909
:102950001846F8BD012BA6EB0305206814BFAA1C7E
:102960003A46691CFFF76AFF0028F2D1E369013B90
:10297000E361EBE701292DE9F84306460C461746CB
:10298000056802D80220BDE8F883EB6A8B42F9D9CA
:102990007AB9A14621463046A046FFF76FFE0446AD
:1029A000B0B92B78042B02D1002F43D1F77100204E
:1029B000E9E72B78042B02D1C379022BE9D04FF041
:1029C000FF3239462846FFF739FF0028E1D0DAE721
:1029D0000128D7D0421C01D10120D4E72B78042B49
:1029E00019D1EA6AAB69023A93421CD308F1010299
:1029F000A2420CD02B78042B08D10023A2EB0902B1
:102A000049462846FFF7FEFD0028BCD1A146EB6AE7
:102A1000A342BFD8C5E7002241462846FFF70EFF74
:102A20000028DED0AFE70133AB612B7943F001031F
:102A30002B71DBE7F3798BB9B468BC4202D1022376
:102A4000F371B4E721463046FFF718FE012899D903
:102A5000431CC1D001348442EFD0A8E7032BA6D198
:102A6000B368BB42A3D8B2691344BB429FD3E6E725
:102A700070B5C3790446032B06D181688369CD18EC
:102A8000A94203D10023E371002070BD4E1C2068D1
:102A90003246FFF7D3FE0028F7D13146F0E70000B9
:102AA0002DE9F74305460191FFF70AFD044600288A
:102AB00049D105F14C09019928464FF40072FFF7FE
:102AC00075FB2146A86407464846FFF7BBF96C89A9
:102AD0006402B4F5004F28BF4FF40044B4F5007F02
:102AE0002FD9204604F06EFC804630B122460021EA
:102AF000640A0026FFF7A6F909E06408EEE723461A
:102B0000BA194146687803F0E9FF18B926446B8981
:102B10009E42F4D3404604F065FC6889801B18BFD0
:102B2000012003B0BDE8F08301366B899E42F4D2E8
:102B30000123BA194946687803F0D0FF0028F3D082
:102B4000EBE70026F1E70120EBE70000F8B50446CB
:102B5000FFF7B6FC0546002842D12378032B37D176
:102B60002779012F34D104F14C0601464FF400724D
:102B70003046FFF767F955234122722184F84A3223
:102B8000AA2304F50D7084F84F2084F84B325223A9
:102B900084F8301284F84C3084F84D30612384F886
:102BA000311284F84E3084F83332A16984F832222D
:102BB000FFF7E4FA616904F50E70FFF7DFFA626B64
:102BC0003B46314601326078A26403F087FF2571ED
:102BD00000226078114603F0A5FF003818BF0120DD
:102BE000F8BD000000232DE9F0430B6085B00F46CF
:102BF0001546FFF71BFB061EC0F2B281804B53F84F
:102C00002640002C00F0AE813C6005F0FE052378E4
:102C10006BB1607803F03CFFC70708D41DB110F01A
:102C2000040500D00A25284605B0BDE8F08300233E
:102C3000F0B22370607003F017FFC10700F19481B8
:102C40000DB14207EED400212046FFF779FC02289F
:102C500040F099806E4604F2122304F2522132466B
:102C600018461033FFF784FA42F8040B8B42F7D171
:102C7000002556F8041B00297DD02046FFF760FC94
:102C8000012879D80128A26C40F0C08004F15703D4
:102C900004F18C0113F8015B002D7BD18B42F9D13B
:102CA000B4F8B430B3F5807F74D194F8B830092B00
:102CB00070D104F19400FFF75DFA4FF0FF3317185D
:102CC00041F10001BB4275EB010363D304F1A000A5
:102CD000FFF74EFA94F8BA302063012BA37059D154
:102CE00094F8B99003FA09F91FFA89F36381002B6C
:102CF00050D0444B04F1A800FFF73AFA0646984238
:102D000048D8831C626304F1A400E362FFF730FA41
:102D100000EB020804F19C00C4F84080FFF728FA99
:102D200010441FFA89F2A06306FB02F313EB0803B9
:102D300045EB05029F4271EB02032BD32E4604F1B3
:102D4000AC00FFF715FAE06365B96389B34221D996
:102D5000E16B2046FFF72AFA81192046FFF7D6FBE0
:102D600098B90136631993F84C30812B14D0203573
:102D7000C5F30805E8E703200135042D7FF479AF9A
:102D8000042807D101E0042801D101254BE70128DF
:102D90007FF678AF0D2546E705F1140004F14C06E7
:102DA0003044FFF7E5F901280546F3D9E36A834289
:102DB000F0D96189821E236C02FB01336364A16B2D
:102DC000204601EBD511FFF7A1FB0028DDD105F06E
:102DD0007F0006EB8000FFF7CBF9431C03D00135E1
:102DE000A842ECD0D6E70425C4E90500064A2570C0
:102DF00000251388E56101339BB21380E38012E75D
:102E000034360020FDFFFF7F38360020B4F85730FD
:102E1000B3F5007FBED1B4F8626026B904F170004A
:102E2000FFF7A6F9064694F85C302663591EA37096
:102E30000129AFD894F859506581002DAAD0691E98
:102E40002942A7D1B4F85D8018F00F0FA4F80880CC
:102E5000A0D1B4F85F0018B904F16C00FFF788F94D
:102E6000B4F85A10002995D006FB03FE01EB181C9C
:102E7000F44460458ED3A0EB0C00A842B0FBF5F300
:102E800088D33E48834285D84FF6F57083426DD98A
:102E900003259F1C114402EB0C03032DE7626263C0
:102EA000A16323644CD1B4F8763053EA08037FF46D
:102EB00071AFBB0004F17800FFF75AF9E06303F249
:102EC000FF13B6EB532FFFF465AF4FF0FF33032D25
:102ED000C4E905334FF08003237187D1B4F87C3007
:102EE000012B83D1511C2046FFF710FB00287FF4F3
:102EF0007DAFB4F84A224AF6552320719A427FF4F6
:102F000075AF1F4B04F14C00FFF732F998427FF484
:102F10006DAF03F1FF5304F50C70FFF729F903F5CA
:102F20000053203398427FF461AF04F50D70FFF732
:102F30001FF9A06104F50E70FFF71AF9606155E7FB
:102F4000B8F1000F3FF426AF7144022D4FEA47035A
:102F5000E1631EBFD91907F0010303EB5103AEE78C
:102F60000B2560E60C255EE603255CE640F6F5756C
:102F7000AB428CBF022501258BE700BFF5FFFF0F99
:102F8000525261412DE9F84F07460568884649B914
:102F90006E69C6B1EB6AB34298BF0126AB69A3B9AB
:102FA000002405E0FFF76AFB0128044603D801244A
:102FB0002046BDE8F88F421C00F0D280EB6A8342C5
:102FC000F6D84646EAE70126E8E72A78EB6A042ABB
:102FD00040F08380A6F1020A023B4FF0010B9A45B4
:102FE00028BF4FF0000AD146696C284601EB193121
:102FF000FFF78CFA00283BD109F00703EA6AC9F30E
:10300000C8010BFA03F3901EDBB26A184C4609F1B3
:10301000010992F84C20814502EA030233BF5B00AC
:1030200000234FF40071DBB228BF9946B2B90234D5
:10303000631E0333BCD80123214628461A46FFF7F6
:10304000E1FA0228B3D0012800F08A80B8F1000F1D
:1030500013D10223FB710028A9D130E0CA450AD060
:10306000002BD2D10131B1F5007FBDD20123CCE7D5
:103070004FF0FF34DCE70024DAE7FB79022B07D1BD
:10308000731CA342E7D0BB68F31ABB610323FB7137
:1030900008F10102FB69A24205D113B10133FB61C2
:1030A000D9E70223FBE70BB90123FB612246414626
:1030B0003846FFF747FC00284FD10123FB61EA6A3D
:1030C000AB69023A6C6193429CBF03F1FF33AB6181
:1030D0002B7943F001032B716AE7464514D1741C28
:1030E0003846A34298BF02242146FFF7C7FA0128B9
:1030F0003FF45DAF431C33D0E0B16B69012B03D9C2
:10310000EA6A934238BF1E4634460134EB6AA34252
:1031100003D8012E7FF644AF022421463846FFF73C
:10312000ADFA48B101283FF442AF013018D0B442A3
:10313000EBD135E7002CE7D04FF0FF32214628468F
:10314000FFF77CFB48B9B8F1000FB8D022464146E2
:103150002846FFF773FB0028B1D001287FF427AF82
:103160004FF0FF3424E700002DE9F84306680446D9
:10317000076B894633782037042B0CBF4FF0805300
:103180004FF40013BB429CBF00238363836B73B176
:10319000C7F30808B8F1000F3CD10133416B8363DA
:1031A00039B93389B3EB571F34D80023A363042004
:1031B0000AE07389013B13EA57232BD1FFF75EFA2C
:1031C0000128054602D80220BDE8F883421C01D13F
:1031D0000120F9E7F36A834216D8B9F1000FE4D071
:1031E000616B2046FFF7CEFE0546C8B10128EAD044
:1031F000431CEDD001463046FFF752FC0028E7D1D2
:10320000E37943F00403E371294630466563FEF732
:10321000CDFFA0634C36002027634644E663D3E726
:103220000720D1E7F8B50E46002104460768FFF7EE
:10323000BDFA98B90546A16B3846FFF767F968B93A
:103240003A78E36B042A1B780CD11B060ED5054691
:1032500001212046FFF788FF0028ECD0042808BF92
:10326000072006E0E52B01D0002BF0D10135B54257
:10327000EED1F8BDC16C4B1C2DE9F0410446056848
:10328000066B1FD1E5274FF00108A16B2846FFF719
:103290003DF998B92A78E36B042A09BF1A781F70A0
:1032A00002F07F021A7085F80380236BB3420DD2BF
:1032B00000212046FFF758FF0028E6D0042808BF69
:1032C000022003E0FFF772FA0028DBD0BDE8F081AE
:1032D0002DE9F04105460068A96B0669FFF716F96C
:1032E000044620B9EB6B1A78852A03D002242046C5
:1032F000BDE8F081324603F1200153F8040B8B4204
:1033000042F8040BF9D1777801377F01A7F1600308
:10331000B3F5007FEAD800212846FFF725FF0428EF
:103320000446E3D00028E2D1A96B2868FFF7EEF845
:1033300004460028DBD1EB6B1A78C02AD6D106F1FF
:10334000200203F1200153F8040B8B4242F8040BD6
:10335000F9D196F823300F222C33B3FBF2F3B7EBFD
:10336000431FC3D34FF0400800212846FFF7FCFE5F
:1033700004280446BAD00028B9D1A96B2868FFF701
:10338000C5F804460028B2D1EB6B1A78C12AADD13A
:10339000B8F5187F09D206EB080203F1200153F8B3
:1033A000040B8B4242F8040BF9D108F12008474581
:1033B000DAD8B8F5187F9AD83046FEF71FFF738821
:1033C000834294D092E700000B68002210B503609E
:1033D00004460B6A83604B6AC261C37123F0FF032A
:1033E000896AC0E90432C164FFF7E0F920B92046D8
:1033F000BDE81040FFF76CBF10BD0000F8B50368D2
:10340000054601271C692046FEF7F8FEA070000A59
:103410006678E0702846E96CFFF7C8F920B1022809
:1034200028BF0220C0B2F8BDA96B2868FFF76EF86C
:103430000028F4D1EB6B04F1200254F8041B9442F1
:1034400043F8041BF9D12B68DF70002EE7D0002170
:103450002846013EFFF788FEE0E700002DE9F8432B
:103460004FF0FF0806460768042445464FF6FF79EB
:10347000B16B11B9002C73D063E03846FFF746F802
:10348000044600285DD1F06B0378002B6ED03A78AB
:10349000042A11D1852B4DD1336B3046F364FFF7ED
:1034A00017FF044600284CD13B691B7903F03F030A
:1034B000B3712046BDE8F883C27AE52B02F03F02E3
:1034C000B27143D02E2B41D022F0200108293DD0EB
:1034D0000F2A40D1590637D503F0BF05336B90F85A
:1034E0000D80F364437B434530D1428B72BB03783C
:1034F0000D21FC6823F04003DFF874E0013B4B43EF
:1035000001211EF801CB30F80CC009B3FF2B1DD8E8
:1035100024F813C06146013301320D2AF1D102783B
:10352000520605D521B1FF2B10D8002224F8132014
:10353000013DEDB200213046FFF716FE044600289B
:1035400096D00023B363B4E7AB42CBD0FF25F1E7BD
:10355000CC45E1D0FAE72DB9FEF740FE404501D158
:103560000024A6E74FF0FF33F364A2E70424E8E762
:10357000909300082DE9F04F002187B00446D0F861
:103580000090FFF713F9804670B999F80030042BCA
:1035900033D1D9F80C00FEF779FF07462046FFF734
:1035A0005DFF054620B18046404607B0BDE8F08F7C
:1035B000D9F810309A8CBA42F0D193F823B0402653
:1035C0005D4506D1D9F80C3033F81530002BE5D124
:1035D000EAE7F106D9F8103008BF0236985B01F02F
:1035E0004DF8D9F80C30824633F8150001F046F852
:1035F0008245D3D102360135E2E74FF0FF0A4FF0A2
:10360000FF3B5546C4F84CB0A16B4846FEF77EFF21
:1036100000285CD1E66B3778002F77D0F27AE52F5F
:1036200002F03F03A37103D0120704D50F2B04D07F
:10363000C4F84CB04FE00F2B54D194F84B305806DF
:103640003FD4790645D5236B07F0BF0796F80DA048
:10365000E364737B53453ED1738B002B3BD13578AC
:103660000121D9F80C3005F03F0501930D23013DF0
:103670005D43284B13F8012BB25A71B3FF2D05930C
:1036800029D81046049200F0F9FF6B1C03900293B6
:10369000019B33F8150000F0F1FF039981421AD124
:1036A000049A029D1146059B1B4A9342E2D133784E
:1036B0005A0604D519B1019B33F815305BB97D1E4C
:1036C000EDB200212046FFF74FFD00289CD0804638
:1036D0006AE7BD42BDD0FF25F3E74FF6FF70824297
:1036E000E2D0F8E72DB93046FEF778FD50453FF4BB
:1036F0005BAF94F84B30DB079AD40B2204F1400106
:10370000304605F00BFD002892D14DE74FF004083C
:103710004AE700BF909300089D9300082DE9F04F01
:1037200090F84BB099B004461BF0A00540F06881BA
:103730000668F26832F81530002B4AD13378042B32
:1037400040F087800F230E352046B5FBF3F5A91C0A
:10375000FFF768FD8146002877D1236B0135A3EB85
:103760004515E3795A07E56435D523F0040320466F
:10377000E371FFF77DF950BB4FF0FF32616B2046DC
:10378000FFF7E0F818BBA3682BB3214604A8FFF7A6
:103790001BFEE0B970894FF40071D4E90423E0FB0B
:1037A00001233069C4E904233830FEF7EFFC3069A7
:1037B000D4E904232830FEF7E9FCE379326904A850
:1037C00043F0010382F82130FFF718FE18B181465B
:1037D0003BE00135AEE7D6E9035440220021204604
:1037E000FEF730FB8523012140222370C0234FF0D8
:1037F000C10C04EB010884F8203000231E469E46CD
:10380000571C04F802C0F0B2023204F807E021B1FC
:1038100035F8131009B10133DBB20F0AA15408F8CF
:1038200002700232D706F2D135F813700136002F3C
:10383000E6D184F82330831C28466370FEF726FE09
:1038400084F82400000A84F82500484619B0BDE831
:10385000F08F04F140070DF1100A1BF0010F97E8FB
:1038600007008AE8070000F0D38040234FF00108EA
:1038700084F84B30BC46F368B8F1050F9AE80700AE
:10388000ACE803002CF8022B4FEA12428CF800201F
:1038900059D9981E424630F8021F002942D10DF135
:1038A0000F0C072102F00F0E914612090EF13000A5
:1038B000392888BF0EF1370001390CF8010902D010
:1038C000B9F10F0FEED818AB7E205A1802F8580C39
:1038D00038460022914206D010F801CB02F1010EC9
:1038E000BCF1200F31D104F13F0C072902F1010294
:1038F00097BF18AB20205818013198BF10F8580C0A
:10390000072A0CF80200F0D92046FFF733FE814663
:10391000002878D108F10108B8F1640FAAD14FF05E
:10392000070992E74FF0100C01F0010E49080EEB69
:103930004202D30344BF82F4883282F02102BCF1F8
:10394000010CF1D1A7E74246A9E77246C2E7216B15
:103950002046A1EB4511FEF729FF814600287FF4A0
:1039600074AF4FF6FF783846FEF738FC0190A16B34
:103970003046FEF7CBFD814600287FF466AFE36B4F
:10398000E9B2019A4FF00D0CD6F80CE05A734FF0E3
:103990000F02DFF8E0A0DA724A1E18730CFB02F285
:1039A00084469876D87640451AF8019B0CF1010CB4
:1039B00018BF3EF8120003EB090B18BF013203F8E1
:1039C00009004FEA1029002808BF4046BCF10D0F3E
:1039D0008BF80190E7D1404502D03EF812200AB999
:1039E00041F040011970012300212046F370FFF7D8
:1039F000BBFB814600287FF428AF013DB7D11BE017
:103A00004FF0060921E704287FF41FAF84F84BB07C
:103A10001BF0020F20461BBF0C350D210125B5FB05
:103A2000F1F518BF01352946FFF7FCFB8146002858
:103A30007FF40BAF013D8AD1A16B3046FEF766FDE6
:103A4000814600287FF401AF01462022E06BFEF79B
:103A5000F9F9E36B03CF18605960BA7839889A7224
:103A6000198194F84B30E26B03F0180313730123B0
:103A7000F370EAE69093000810B504460A46343025
:103A8000FEF776FB886004F13800FEF773FBC2E9AD
:103A9000040194F8213003F00203D3710023D361B1
:103AA00010BD000003284B8B04BF8A8A43EA0243FF
:103AB000184670472DE9F04F0B7899B004468946B7
:103AC0002F2BD0F800B001D05C2B09D14A461378D7
:103AD000914601322F2BFAD05C2BF8D0002301E065
:103AE000DBF81C30A3600023E3619BF80030042B5B
:103AF0001ED1A368E3B1DBF82030214604A823627D
:103B0000DBF824306362DBF82830A362FFF75CFC4B
:103B10000346002854D1DBF8102002F13800FEF7EC
:103B200027FBC4E9040392F8213003F00203E37198
:103B300099F800301F2B00F23581802300212046A8
:103B400084F84B3019B0BDE8F04FFEF72FBE494660
:103B50000B78894601312F2BFAD05C2BF8D01F2B24
:103B60008CBF00250425012F2FD113882E2B31D196
:103B7000002322F8173004F140029F428CBF2E210F
:103B8000202101330B2B02F8011BF6D145F0200553
:103B9000204684F84B50FFF7EDFC94F84B3000289A
:103BA00000F0E78004280BD1990603F0040240F1ED
:103BB000DC80002A00F0F6808023002084F84B305F
:103BC00019B0BDE8F08F0425CDE7022F02D153884C
:103BD0002E2BCAD0911E87BB002322F81730002F4E
:103BE00000F0118132F81300194601332028F9D072
:103BF00009B92E2801D145F00305901E30F8173081
:103C00002E2B01D0013FF9D14FF020334FF0000AA5
:103C10006364D0462364C4F847300823481C32F854
:103C200011600090F6B1202E03D02E2E0DD1B84297
:103C300010D045F003050099F0E731F81730202B3C
:103C400001D02E2BC8D1013FC5E79A4505D2009976
:103C5000B9423BD10B2B30D101E00B2B27D145F0E2
:103C600003050B2394F84020E52A04BF052284F8BD
:103C70004020082B04BF4FEA88085FFA88F808F054
:103C80000C030C2B03D008F00303032B01D145F0E8
:103C90000205A8073FF57CAF18F0010F18BF45F0EB
:103CA000100518F0040F18BF45F0080570E70099DB
:103CB000B94202D045F00305D4D84FEA88080B2357
:103CC0004FF0080A00975FFA88F8B4E77F2E15D9FD
:103CD000304640F25231CDE9022345F00203019310
:103CE00000F098FC10F0800F0646DDE9022316D0A4
:103CF00000F07F0646498E5D019D46B3314645483A
:103D0000CDE9012305F034FADDE90123F8B9A6F184
:103D1000410189B219291ED848F0020810E0FF2895
:103D2000EAD9591E8A4503D345F003059A4682E72E
:103D300004EB0A01000A0AF1010A019D81F8400022
:103D400004EB0A010AF1010A81F8406073E745F0CB
:103D500003055F26F4E7A6F1610189B219299EBF28
:103D6000203E48F00108B6B2EAE7002A08BF052065
:103D700026E75A073FF524AFA379DB0645D59BF824
:103D80000000042835D1A3682146E2792362236923
:103D9000DBF8100023F0FF0313436362E36CA362BC
:103DA000FFF76AFE23680027DA6819F8010B00287C
:103DB0003FF409AF40F25231009200F04BFC05464F
:103DC00008B31F28009A7FF6FEAE2F283FF4BFAE3F
:103DD0005C283FF4BCAE7F2805D801460E4805F0AC
:103DE000C7F9009A78B9FF2F0DD022F81750013784
:103DF000DBE7216B0BF14C03C1F308011944FFF71A
:103E000051FEA060CEE70620DAE60520D8E600BF26
:103E10001093000809930008009300081FB5CDE92E
:103E2000001003A814460391FEF700FA002815DBE2
:103E30000B4A52F820300BB100211970019B0BB1D5
:103E40000021197042F820302CB1002201A96846E7
:103E5000FEF7C8FE0446204604B010BD0B24FAE766
:103E6000343600202DE9F04798B090460546019180
:103E7000002800F0528102F03F0603A901A8324653
:103E8000FEF7B0FE002840F04681039B4FF48C60A3
:103E9000049303F097FA0746002800F04081039B43
:103EA00000F500720199D86004A81A61FFF702FEBC
:103EB000044620B99DF95B30002BB8BF062418F0EA
:103EC0001C0F00F0CD80002C4CD0042C40D104A855
:103ED000FFF724FC044600283AD146F00806039B6D
:103EE0001A78042A40F08380186929462B60FFF76E
:103EF000C3FD039B1E22002118690230FDF7A2FFBB
:103F0000039C00211A2220692630FDF79BFF2369BC
:103F100020221A71246903F08FFA01460122083425
:103F20002046FEF72BF9039B04A81B6983F8212088
:103F3000FFF764FA044658B9A96801B30246284657
:103F4000FEF718FDAB68039A0446013B5361B4B118
:103F5000384603F047FA0CB100232B60204618B016
:103F6000BDE8F0879DF8163013F0110F40F0848003
:103F700018F0040F40F0C98018F0080FAFD1039A71
:103F800031071399936C48BF46F04006E964AB646F
:103F90001078042872D1069B9DF817102B62089B9D
:103FA000106923F0FF030B4329466B62179BAB623A
:103FB000FFF762FDDDF80CA00024002205F1500897
:103FC000BAF8063021464046C5F800A0AB80002371
:103FD00085F8306085F831406C64C5E90E234FF4F4
:103FE0000072FDF72FFFB20653D40024B0E703F0B0
:103FF00023FA0146009013980E30FEF7BFF813988D
:1040000000991630FEF7BAF8039C13992078FFF751
:1040100049FD202300228046CB7220461399FEF7EB
:10402000D1F8139B002201211A775A779A77DA7711
:10403000039BD970B8F1000FA1D0414604A8D3F872
:104040004890FEF797FC0446002881D14946039822
:10405000FEF75CFA039B044608F1FF30586176E7EF
:10406000002C7FF475AF9DF81630DC064FD418F0A5
:10407000020F84D0D80782D5072469E7FFF712FD25
:104080000023A86001F11C00FEF772F86B61286143
:1040900090E7D5E9046956EA0903A6D0BAF80AA060
:1040A000A9684FEA4A2AC5E90E69B24574EB0903CB
:1040B0001BD300242964002C7FF44AAFC6F3080305
:1040C000002B92D0039C2046FEF770F808B3760AC6
:1040D0000123414646EAC95682196A64607802F0B3
:1040E000D9FC041E18BF012432E72846FEF7C6FAA1
:1040F000B6EB0A06014669F10009012803D9431C01
:10410000D3D10124D6E70224D4E7082420E70424ED
:104110001EE702241CE704461EE709241EE71124BB
:104120001CE700002DE9F04F994685B00023884632
:1041300003A90446C9F800301646FEF791F8054673
:1041400080BB94F831506DBB94F8303013F001030C
:10415000009300F0A68004F1500AD4E90432D4E9B7
:104160000E011B1A62EB0102B34272F1000238BF6A
:104170001E46BEB1D4E90E10C1F30803002B40F077
:104180008280039B5A894B0A013A43EAC0531A4082
:104190001BD151EA000309D1A06801280DD80225DE
:1041A00084F83150284605B0BDE8F08F216C2046D8
:1041B0000192FEF763FA019AEFE7431C04D1012351
:1041C000009D84F83130EDE72064DDF80CB0216CFF
:1041D0005846FDF7EBFF0028E1D0B6F5007F02EB73
:1041E000000731D3BBF80A1002EB5620730A88424D
:1041F0009BF8010088BF8B1A3A464146019302F0B2
:1042000049FC0028DBD194F93020019B002A0BDA0D
:10421000606CC01B984207D24FF40072514608EB05
:104220004020FDF7E9FD019B5F02D9F80030F61B45
:10423000B8443B44C9F80030D4E90E32DB1942F1EE
:104240000002C4E90E3294E7626CBA421AD094F9C3
:104250003030002B0DDA012351469BF8010002F0AB
:104260003DFC0028ABD194F8303003F07F0384F894
:104270003030039801233A465146407802F00AFC58
:1042800000289CD16764A16B4046C1F30801C1F5C9
:1042900000775144B74228BF37463A46FDF7ACFD98
:1042A000C3E707257EE7000070B596B00E460022F2
:1042B000019002A901A8FEF795FC0446E0B94FF46D
:1042C0008C6003F07FF80546D8B1029B00F50072C0
:1042D0000199D86002A81A61FFF7ECFB044640B9C7
:1042E0009DF95330002B0ADB1EB1314602A8FDF7C1
:1042F000EDFF284603F076F8204616B070BD062480
:10430000F7E71124F8E7000070B5B8B00222019079
:1043100003A901A8FEF766FC044608BB039B4FF403
:104320008C60109303F04EF80546002866D0039B7E
:1043300000F500720199D86010A81A61FFF7BAFB66
:10434000044650B99DF88B30980655D4190653D4BD
:104350009DF84630DA0706D50724284603F042F8D0
:10436000204638B070BD039B04931878042814D1FC
:1043700004A91869FFF780FB069E9DF84630DB060E
:1043800010D410A8FEF776FF04460028E5D156BBEE
:104390000398FEF7DBFB0446DFE71F99FFF782FB7C
:1043A0000646EAE7039BDA69B242D5D0249300219E
:1043B000269624A81B78042B01BFDDE90823CDE94C
:1043C00028239DF817308DF89730FEF7EFF9044653
:1043D0000028C2D124A8FFF741F804460028BBD02A
:1043E0000428BAD1CDE70246314604A8FEF7C2FA46
:1043F00004460028B1D1CBE70624AEE71124AFE78D
:10440000F0B5BDB0CDE900106846FDF70FFF022200
:1044100003A901A8FEF7E6FB0446002841D1039B4F
:104420004FF48C60149302F0CDFF0546002800F095
:10443000EE80039B00F5007214AE0199D8601A61FA
:104440003046FFF737FB044640BB9DF89B3013F026
:10445000A00F40F0D880039B009F1A78042A68D1EF
:104460001B6904AC03F1400C1868083353F8041CB2
:104470002246634503C21446F6D15022314628A88D
:10448000FDF7BAFC394628A8FFF714FB04460028BC
:104490004CD12A9A169B9A4206D00824284602F04C
:1044A000A1FF20463DB0F0BD349A209B9A42F4D142
:1044B00028A8FFF733F904460028EFD1039B04AF87
:1044C0001B6993F801E093F823C09C8C3A460833AB
:1044D00003CAB24243F8080C43F8041C1746F5D14E
:1044E000039B28A81B6983F801E0039B1A6982F8E3
:1044F00023C01A6982F82440240A82F825401A69E8
:104500001379D9065CBF43F020031371FEF776FFE1
:1045100004460028C2D13046FEF7ACFE044600280F
:10452000BCD10398FEF712FB0446B7E70428B5D1C7
:10453000BEE7239A04AB02F1200C1068083252F84F
:10454000041C1C46624503C42346F6D15022314662
:1045500028A8FDF751FC394628A8FFF7ABFA044616
:1045600000284CD12A9A169B9A4296D1349A209BC5
:104570009A4292D128A8FFF7D1F8044600288DD19D
:1045800037990DF11D030DF12D0001F10D0253F8C6
:10459000044B834242F8044BF9D11888012710805C
:1045A0009B7893709DF81B30039CDA0658BF43F04C
:1045B0002003CB72E770CB7ADB06ACD5169A2A9B28
:1045C0009A42A8D02078FFF76DFA01462046FDF701
:1045D000EDFD0146C8B12046FDF798FF04460028CE
:1045E0007FF45CAF039890F86D302E2B93D12A9A0C
:1045F00000F16C01FDF7E6FD039BDF708BE70428FB
:104600007FF44CAFB6E7062448E7022446E71124BE
:1046100047E700007F2810B501D880B210BDB0F583
:10462000803F13D240F2523399420FD10849002201
:1046300031F8024B93B2844203D103F18000C0B23F
:10464000ECE70132802AF3D11346F6E70020E5E7D4
:10465000509600087F280DD940F25233994208D174
:10466000FF2806D800F10040034B803833F81000D3
:1046700070470020704700BF50960008B0F5803F9B
:10468000F0B522D21F4A83B21F49B0F5805F28BF20
:104690000A46141D34F8042C2146AAB1934213D3C0
:1046A00034F8025C2E0AEFB252FA85F5A84222DAFB
:1046B000082E09D8DFE806F0050A10121416181A99
:1046C0001C00801A34F810301846F0BD981A00F01B
:1046D00001001B1A9BB2F7E7103BFBE7203BF9E711
:1046E000303BF7E71A3BF5E70833F3E7503BF1E7D8
:1046F000A3F5E353EEE70434002ECBD101EB4702E0
:10470000C7E700BFA09300089495000808B5074BC1
:10471000074A196801F03D01996053680BB1906830
:104720009847BDE8084003F08BB800BF0000024086
:104730003C36002008B5084B1968890901F03D0195
:104740008A019A60054AD3680BB110699847BDE8A1
:10475000084003F075B800BF000002403C3600205E
:1047600008B5084B1968090C01F03D010A049A606C
:10477000054A53690BB190699847BDE8084003F0BA
:104780005FB800BF000002403C36002008B5084B6F
:104790001968890D01F03D018A059A60054AD369BF
:1047A0000BB1106A9847BDE8084003F049B800BF54
:1047B000000002403C36002008B5074B074A596804
:1047C00001F03D01D960536A0BB1906A9847BDE88A
:1047D000084003F035B800BF000002403C3600201E
:1047E00008B5084B5968890901F03D018A01DA6072
:1047F000054AD36A0BB1106B9847BDE8084003F037
:104800001FB800BF000002403C36002008B5084B2E
:104810005968090C01F03D010A04DA60054A536B3E
:104820000BB1906B9847BDE8084003F009B800BF92
:10483000000002403C36002008B5084B5968890D3D
:1048400001F03D018A05DA60054AD36B0BB1106CAB
:104850009847BDE8084002F0F3BF00BF00000240E7
:104860003C36002008B5074B074A196801F03D01A6
:104870009960536C0BB1906C9847BDE8084002F00A
:10488000DFBF00BF000402403C36002008B5084BE3
:104890001968890901F03D018A019A60054AD36CC3
:1048A0000BB1106D9847BDE8084002F0C9BF00BFCA
:1048B000000402403C36002008B5084B1968090C7A
:1048C00001F03D010A049A60054A536D0BB1906DE9
:1048D0009847BDE8084002F0B3BF00BF00040240A3
:1048E0003C36002008B5084B1968890D01F03D01E0
:1048F0008A059A60054AD36D0BB1106E9847BDE8E2
:10490000084002F09DBF00BF000402403C3600207A
:1049100008B5074B074A596801F03D01D960536E4D
:104920000BB1906E9847BDE8084002F089BF00BF08
:10493000000402403C36002008B5084B596889093C
:1049400001F03D018A01DA60054AD36E0BB1106FA8
:104950009847BDE8084002F073BF00BF0004024062
:104960003C36002008B5084B5968090C01F03D01A0
:104970000A04DA60054A536F0BB1906F9847BDE89F
:10498000084002F05DBF00BF000402403C3600203A
:1049900008B5084B5968890D01F03D018A05DA60B8
:1049A000054AD36F13B1D2F880009847BDE808409C
:1049B00002F046BF000402403C36002000230C49B0
:1049C00010B51A460B4C0B6054F82300026001EB43
:1049D000430004334260402BF6D1074A4FF0FF33C7
:1049E0009360D360C2F80834C2F80C3410BD00BF25
:1049F0003C36002050970008000002400F28F8B510
:104A000010D9102810D0112811D0122808D10F2445
:104A10000720DFF8C8E00126DEF80050A04208D9E0
:104A2000002653E00446F4E70F240020F1E70724B2
:104A3000FBE706FA00F73D424AD1264C4FEA001C3C
:104A40003D4304EB00160EEBC000CEF80050C0E969
:104A50000123FBB273B12048D0F8D83043F00103F2
:104A6000C0F8D830D0F8003143F00103C0F800316D
:104A7000D0F8003117F47F4F0ED01748D0F8D83057
:104A800043F00203C0F8D830D0F8003143F00203FD
:104A9000C0F80031D0F8003154F80C00036823F05E
:104AA0001F030360056815F00105FBD104EB0C033F
:104AB0003D2493F80CC05F6804FA0CF43C60212498
:104AC0000560446112B1987B00F068FC3046F8BD87
:104AD0000130A3E750970008004402583C360020FC
:104AE00010B5302484F31188FFF788FF002383F387
:104AF000118810BD10B50446807B00F065FC0123D1
:104B00001549627B03FA02F20B6823EA0203DAB268
:104B10000B6072B9114AD2F8D81021F00101C2F825
:104B2000D810D2F8001121F00101C2F80011D2F81A
:104B3000002113F47F4F0ED1084BD3F8D82022F078
:104B40000202C3F8D820D3F8002122F00202C3F8F1
:104B50000021D3F8003110BD3C360020004402583B
:104B600008B5302383F31188FFF7C4FF002383F3D4
:104B7000118808BD836CC26A8B42506810B506D993
:104B80005A1E4C0002EB4103B3FBF4F3184410BD72
:104B900001F001038A0748BF43F002034A0748BFF8
:104BA00043F008030A0748BF43F00403CA0648BF9E
:104BB00043F010038A06426B48BF43F020031343BF
:104BC0004363704710B5074C204600F09FFF064B2B
:104BD0000022C4E91023054BA364054BE363054B96
:104BE000E36410BDC03600200070005200B4C4045D
:104BF0001437002014390020C36A0BB9104BC3626C
:104C00000379012B11D10F4B98420ED10E4BD3F8E3
:104C1000D42042F48032C3F8D420D3F8FC2042F4EC
:104C20008032C3F8FC20D3F8FC30436C00221A65B4
:104C3000DA621A605A605A624FF0FF329A63704724
:104C400050980008C0360020004402580379012B18
:104C500024D0436C00221A65DA621A605A605A62E4
:104C60004FF0FF329A630E4B984217D10D4BDA6F1B
:104C700042F48032DA67DA6F22F48032DA67DA6F70
:104C8000D3F8D42022F48032C3F8D420D3F8FC2007
:104C900022F48032C3F8FC20D3F8FC30704700BF08
:104CA000C03600200044025810B5446C0649FFF796
:104CB00061FF6060236842F2107043F003032360D9
:104CC000BDE8104001F048BD801A06000129F8B582
:104CD000466C0B4F09D175680A493D40FFF74AFF02
:104CE000054345F480557560F8BD746806493C403D
:104CF000FFF740FF044344F480547460F4E700BFBE
:104D000000ECFFFF80F0FA0240787D01436C002246
:104D10005A601A6070470000426C0129536823F4FE
:104D2000404304D0022905D001B95360704743F4D1
:104D30008043FAE743F40043F7E70000436C41F493
:104D400080519A60D9605A6B1206FCD580229A6312
:104D50007047000010B541F48851446CA260E160D6
:104D6000616B11F04502FBD0A26311F0040203D085
:104D7000FFF70EFF012010BD616910461960FAE7C8
:104D800010B541F48851446CA260E160616B11F090
:104D90004502FBD0A26311F0050203D0FFF7F8FE35
:104DA000012010BD616910461960FAE773B513461A
:104DB00004460E46302282F31188426CD26B32B127
:104DC0004FF0FF314030019301F0D2FC019B606C49
:104DD00000220265C263C262456B15F4807504D17E
:104DE00085F31188012002B070BD4FF0FF3181635F
:104DF00082F31188012E06D90C21204602B0BDE8AD
:104E00007040FFF7BDBF1046EDE7000073B5446C7E
:104E10000E4600250192616BA1632565E562FFF7EF
:104E2000B7FE012E07D9019B2A460C2102B0BDE82E
:104E30007040FFF7A5BF02B070BD000010B541F48F
:104E40009851446CA260E160616B11F04502FBD0A7
:104E5000A26311F03F0203D0FFF79AFE012010BDBC
:104E6000216A10461960E1695960A1699960616918
:104E7000D960F4E72DE9F74304460191006D01A9DB
:104E80001746984602F0F6FB064600284AD0626CA8
:104E90002046DDF804905568C5F3090501356B001F
:104EA000A56CB5FBF3F54FF47A73B5FBF3F55D43F1
:104EB000556200F0ADFC50BB636C4FF0FF32012532
:104EC0004146C3F8589020461D659A634FF4957289
:104ED000DA6342F207029F62DA62E36C0A9AFFF732
:104EE0004FFFA0B9E26C104B11680B407BB929460B
:104EF0002046FFF75BFF054648B92E463A46019922
:104F0000206D02F0EFFB304603B0BDE8F083E26CA9
:104F100020460121FFF77AFF3A460199206D02F001
:104F2000E1FBF0E70126EEE708E0FFFD2DE9F7439E
:104F30001F46436C01924FF47A725D6804468846BE
:104F4000C5F3090501356E00856CB5FBF6F5B5FBBB
:104F5000F2F555435D6200F05BFC20B10125284667
:104F600003B0BDE8F0837E0201A9206D324602F055
:104F700081FB05460028F1D0636C019AD4F84C906F
:104F80009A6501221A654FF0FF329A634FF49572C9
:104F9000DA639E62236BDB064B4658BF4FEA482814
:104FA000012F42461BD912212046FFF7E9FEC0B966
:104FB000D9F80020104B13409BB9636C42F2930266
:104FC00039462046DA62E26CFFF7F0FE804640B9CF
:104FD00032460199206D454602F084FBBFE711215E
:104FE000E2E7E26C39462046FFF710FF32460199AE
:104FF000206D02F077FBB2E708E0FFFD2DE9F341F9
:105000001F46436C01924FF47A725D6804468846ED
:10501000C5F3090501356E00856CB5FBF6F5B5FBEA
:10502000F2F555435D6200F0F3FB20B101252846FF
:1050300002B0BDE8F0817E0201A9206D324602F087
:1050400069FB05460028F1D0636C019A9A6501223C
:105050001A654FF0FF329A634FF48D72DA639E62E5
:10506000236BE66CDB06334658BF4FEA4828012F16
:10507000424619D919212046FFF782FEB0B932689D
:105080000F4B134093B9636C42F2910239462046AC
:10509000DA62E26CFFF78AFE064638B901993546B6
:1050A000206D02F073FBC2E71821E4E73946204681
:1050B000E26CFFF7ABFE0199206D02F067FBB6E7EB
:1050C00008E0FFFD12F0030F2DE9F04107460C4602
:1050D00015461E4617D00E44B44202D10020BDE84A
:1050E000F0810123FA6B21463846FFF71FFF0028A5
:1050F000F5D128464FF40072F96B05F500750134BF
:10510000FCF77AFEE8E7BDE8F041FFF70FBF0000CB
:1051100012F0030F2DE9F04107460C4615461E46D6
:1051200017D00E44B44202D10020BDE8F0812946D8
:105130004FF40072F86B05F50075FCF75DFE012376
:10514000FA6B21463846FFF759FF0028EDD10134AC
:10515000E8E7BDE8F041FFF751BF000000207047CD
:10516000302310B583F311880024436C403021466E
:10517000DC6301F00BFB84F3118810BD0268436807
:105180001143016003B1184770470000024A1368D9
:1051900043F0C003136070470078004013B50E4C15
:1051A000204600F013FD04F1140000234FF40072B8
:1051B0000A49009400F078F9094B4FF4007209494C
:1051C00004F13800009400F0F1F9074A074BC4E9F4
:1051D000172302B010BD00BF183900208439002009
:1051E0008D510008843B00200078004000E1F50567
:1051F000037C30B5244C002918BF0C46012B11D17B
:10520000224B98420ED1224BD3F8E82042F0804244
:10521000C3F8E820D3F8102142F08042C3F81021EF
:10522000D3F810312268036EC16D03EB520384661C
:10523000B3FBF2F36268150442BF23F0070503F0E5
:10524000070343EA4503CB60A36843F040034B6088
:10525000E36843F001038B6042F4967343F001036B
:105260000B604FF0FF330B62510505D512F0102291
:1052700005D0B2F1805F04D080F8643030BD7F2368
:10528000FAE73F23F8E700BF5898000818390020D4
:10529000004402582DE9F047C66D0546F46922071F
:1052A00034621AD014F0080118BF4FF48071E3077C
:1052B0004FF0300348BF41F02001A70748BF41F03D
:1052C0004001600748BF41F0800183F31188281D29
:1052D000FFF754FF002383F31188E2050AD530233A
:1052E00083F311884FF48061281DFFF747FF0023E7
:1052F00083F3118830274FF0000914F0200838D1CB
:1053000037683B0615D54FF0300905F1380A2006FD
:105310000FD589F31188504600F07CF9002835DA62
:105320000821281DFFF72AFF27F08007002383F3B9
:105330001188790613D5620611D5302383F31188BD
:10534000D5E913239A4207D12B6C2BB127F04007E4
:105350001021281DFFF712FF002383F31188E306B5
:10536000376018D5AA6E1369ABB15069BDE8F04734
:10537000184787F31188736A284695F86410194016
:1053800000F03EFC89F31188F469B6E7B06288F357
:105390001188F469BBE7BDE8F0870000090100F15E
:1053A0006043012203F56143C9B283F8001300F0A2
:1053B0001F039A4043099B0003F1604303F56143D7
:1053C000C3F880211A60704700F01F0301229A4041
:1053D000430900F160409B0000F5614003F1604328
:1053E00003F56143C3F88020C3F88021002380F8CF
:1053F00000337047F8B51546826804460B46AA424A
:1054000000D28568A1692669761AB5420BD2184682
:105410002A46FCF7F1FCA3692B44A3612846A36844
:105420005B1BA360F8BD0CD9AF1B18463246FCF7D6
:10543000E3FC3A46E1683044FCF7DEFCE3683B44B9
:10544000EBE718462A46FCF7D7FCE368E5E70000DF
:1054500083689342F7B50446154600D28568D4E9BF
:105460000460361AB5420BD22A46FCF7C5FC6369C4
:105470002B4463612846A3685B1BA36003B0F0BDA7
:105480000DD93246AF1B0191FCF7B6FC01993A46A3
:10549000E0683144FCF7B0FCE3683B44E9E72A46A6
:1054A000FCF7AAFCE368E4E710B50A440024C361F2
:1054B000029B8460C16002610362C0E90000C0E930
:1054C000051110BD08B5D0E90532934201D18268BB
:1054D00082B98268013282605A1C426119700021CF
:1054E000D0E904329A4224BFC368436101F068F9ED
:1054F000002008BD4FF0FF30FBE7000070B53023FF
:1055000004460E4683F31188A568A5B1A368A26975
:10551000013BA360531CA36115782269934224BF09
:10552000E368A361E3690BB120469847002383F346
:105530001188284607E03146204601F031F900285D
:10554000E2DA85F3118870BD2DE9F74F04460E4667
:1055500017469846D0F81C904FF0300A8AF311880D
:105560004FF0000B154665B12A4631462046FFF73D
:1055700041FF034660B94146204601F011F9002879
:10558000F1D0002383F31188781B03B0BDE8F08FBE
:10559000B9F1000F03D001902046C847019B8BF35F
:1055A0001188ED1A1E448AF31188DCE7C160C361DB
:1055B000009B82600362C0E905111144C0E900004C
:1055C00001617047F8B504460D461646302383F353
:1055D0001188A768A7B1A368013BA36063695A1C3F
:1055E00062611D70D4E904329A4224BFE3686361AA
:1055F000E3690BB120469847002080F3118807E04B
:105600003146204601F0CCF80028E2DA87F3118811
:10561000F8BD0000D0E9052310B59A4201D1826897
:105620007AB982680021013282605A1C82611C783A
:1056300003699A4224BFC368836101F0C1F8204620
:1056400010BD4FF0FF30FBE72DE9F74F04460E4643
:1056500017469846D0F81C904FF0300A8AF311880C
:105660004FF0000B154665B12A4631462046FFF73C
:10567000EFFE034660B94146204601F091F800284C
:10568000F1D0002383F31188781B03B0BDE8F08FBD
:10569000B9F1000F03D001902046C847019B8BF35E
:1056A0001188ED1A1E448AF31188DCE70379052B73
:1056B00005BF836A002001204B6004BF4FF40073D4
:1056C0000B60704773B504460D460F4EA26B01ABDD
:1056D0000D2120468DB1FFF753FB90B9019B33425A
:1056E0000ED1C3F34323042B0BD0053B022B07D869
:1056F0004FF47A7001F030F8E8E7FFF72BFBECE7A6
:10570000012002B070BD00BF08E0FFFDF8B5856A5A
:105710000446A94202D26D1AAB4205D9636B01203F
:1057200043F080036363F8BD06250571FFF7CAFCEB
:1057300005232371F7E70000F8B5856A0446A942FE
:1057400002D26D1AAB4205D9636B012043F080038E
:105750006363F8BD07250571FFF7DAFC05232371A4
:10576000F7E7000038B505790446052D05D1082373
:105770000371FFF7F3FC257138BD0120FCE7000041
:10578000036B03F00F03022BF0B5054685B00C4602
:105790004FF000070CD10F7003AB1A4A0621FFF738
:1057A000EFFA78B9184B039A13405BB9012308E06C
:1057B000C66B7E220F7018307F2103F0F7F920B9F5
:1057C00000232370002005B0F0BD0623402231469F
:1057D00028460097FFF74EFB0028F1D1B3895BBA4A
:1057E0009B07EFD5094B40223146284600930623FC
:1057F000FFF740FB0028E3D1337C03F00F030F2BAE
:10580000DED0D3E70001B90308E0FFFDF1FFFF8020
:105810000121FFF757BF000070B53023054683F321
:10582000118803790024022B03D184F311882046C8
:1058300070BD0423037184F311880226FFF7E8FF8B
:1058400004462846FFF762FA2E71F0E70021FFF7C1
:1058500039BF00000323F0B5044687B0002503716B
:105860008DF80F50FFF720FA2A4629462046FFF709
:1058700065FA4FF4D57205AB08212046FFF780FA90
:105880000246B8B901232363059BC3F30323012B0D
:1058900009D105AB37212046FFF772FA18B9934BAF
:1058A000059A1340ABB120460125FFF72FFA0223DA
:1058B000237114E105AB2A4637212046FFF760FA31
:1058C00028B98A4A059B1A40002A00F0AC800223BE
:1058D0002363236B03F00F03022B40F0AE8064259B
:1058E000834E42F2107000F037FF05AB32460121C3
:1058F0002046FFF72FFA0028D5D1059B002B80F218
:1059000098805B0003D5236B43F0100323630022D0
:1059100004F1080302212046FFF790FA024600280E
:10592000C1D104F1380303212046FFF729FA0028EA
:10593000B9D104F11805A26B092120462B46FFF7C7
:105940007DFA0028AFD104ABA26B07212046FFF7F8
:1059500017FA0028A7D10DF10F012046FFF710FF1D
:105960000028A0D19DF80F102046FFF7AFF9204680
:10597000FFF76CFF0646002895D1236B03F00F0359
:10598000022B40F083807E227F21284603F00EF90F
:1059900001287BD9E56B42F2107000F0DDFE082390
:1059A0004FF40072294620460096FFF763FA00285C
:1059B0007FF479AF284603F047F9A0620DF10F019B
:1059C0002046FFF7DDFE00287FF46DAF9DF80F1035
:1059D0002046FFF77BF904AB4FF4007210212046FC
:1059E000FFF7CEF9054600287FF45DAF3F4E049BDC
:1059F00033427FF458AF236B13F00E0F03F00F0206
:105A000048D0022A7FF44FAFE36A1978012969D0A0
:105A1000022969D0002960D0364F2046FFF77CF973
:105A200005AB3A464EE0114620462263FFF786F961
:105A30004FE7013D7FF455AF35E72F4D64262F4AE0
:105A40002A4F012B18BF154605AB002237212046EF
:105A5000FFF796F900287FF426AF059B3B427FF4C1
:105A600022AF05AB2A4629212046FFF773F900280B
:105A70007FF419AF059B002BFFF643AF013E3FF4C7
:105A800012AF42F2107000F067FEDDE7284603F027
:105A9000AFF892E7E36A1978F9B101297FF403AF0F
:105AA0002046FFF739F905ABA26B37212046FFF7F7
:105AB00067F900287FF4F7AE059B33427FF4F3AE1D
:105AC00005AB022206212046FFF75AF900287FF491
:105AD000EAAE059B33427FF4E6AE052323712846E8
:105AE00007B0F0BD064F98E7064F96E708E0FFFDC8
:105AF0000080FFC00000B7030080FF50000010804E
:105B00000001B7030002B703FFF75CB8044B036062
:105B10000123037100234363C0E90A33704700BFC8
:105B20007098000810B53023044683F31188C162D1
:105B3000FFF762F802230020237180F3118810BD63
:105B400010B53023044683F31188FFF77FF8002354
:105B50000122E362227183F3118810BD0268436859
:105B60001143016003B11847704700001430FFF77C
:105B7000EBBC00004FF0FF331430FFF7E5BC000032
:105B80003830FFF761BD00004FF0FF333830FFF7CA
:105B90005BBD00001430FFF7B1BC00004FF0FF31D7
:105BA0001430FFF7ABBC00003830FFF70BBD00002E
:105BB0004FF0FF323830FFF705BD0000012914BF58
:105BC0006FF0130000207047FFF7E8BA044B036042
:105BD00000234360C0E9023301230374704700BF10
:105BE0009498000810B53023044683F31188FFF71A
:105BF000FFFA02230020237480F3118810BD0000F7
:105C000038B5C36904460D461BB904210844FFF7A3
:105C1000A5FF294604F11400FFF754FC002806DA1A
:105C2000201D4FF40061BDE83840FFF797BF38BD35
:105C3000026843681143016003B1184770470000D0
:105C400013B5406B00F58054D4F8A4381A68117865
:105C5000042914D1017C022911D119790123128957
:105C60008B4013420BD101A94C3002F0CDFED4F889
:105C7000A4480246019B2179206800F005FA02B091
:105C800010BD0000143002F04FBE00004FF0FF3393
:105C9000143002F049BE00004C3002F021BF000079
:105CA0004FF0FF334C3002F01BBF0000143002F005
:105CB0001DBE00004FF0FF31143002F017BE00008F
:105CC0004C3002F0EDBE00004FF0FF324C3002F0DD
:105CD000E7BE000010B500F58054D4F8A4381A6867
:105CE0001178042917D1017C022914D15979012393
:105CF00052898B4013420ED1143002F0B1FD02469E
:105D000048B1D4F8A4484FF4407361792068BDE8E5
:105D1000104000F0A7B910BD406BFFF7DBBF0000DB
:105D200000290CBF6FF0130000207047704700007F
:105D30007FB5124B01250426044603600023057439
:105D400000F1840243602946C0E902330C4B029003
:105D5000143001934FF44073009602F05DFD094B3F
:105D600004F69442294604F14C000294CDE9006304
:105D70004FF4407302F024FE04B070BDBC980008DC
:105D8000195D0008415C0008302383F311880B790A
:105D90000A680B3342F823004B79133342F823008F
:105DA0008B7913B10B3342F8230000F58053C3F80D
:105DB000A41802230374002080F3118870470000A8
:105DC00038B5037F044613B190F85430ABB90125C0
:105DD000201D0221FFF72CFF04F114006FF00101D8
:105DE000257700F0F9FC04F14C0084F854506FF072
:105DF0000101BDE8384000F0EFBC38BD10B501210D
:105E000004460430FFF714FF0023237784F854304E
:105E100010BD000038B504460025143002F014FD12
:105E200004F14C00257702F0E3FD201D84F8545066
:105E30000121FFF7FDFE2046BDE83840FFF74ABFCD
:105E400090F8803003F06003202B06D190F8812079
:105E50000023212A03D81F2A06D800207047222AAF
:105E6000FBD1C0E91D3303E0034A42670722826782
:105E7000C3670120704700BF3C22002037B500F502
:105E80008055D5F8A4381A68117804291AD1017CF4
:105E9000022917D11979012312898B40134211D19C
:105EA00000F14C04204602F063FE58B101A92046DF
:105EB00002F0AAFDD5F8A4480246019B217920688A
:105EC00000F0E2F803B030BD2DE9F34104460D4681
:105ED00021B301F10B0350F82360FEB1302383F3AB
:105EE000118800EB810706F14C08FB685B691B68B1
:105EF00033B1404602F096FD0821301DFFF798FEB1
:105F000001A9404602F080FD024650B1019B29469E
:105F1000204600F0B9F8002383F3118802B0BDE8F1
:105F2000F081FB685A69126832B11B8A013B134049
:105F300002D104F18002EAE71021301DFFF778FE5C
:105F4000E9E7000038B509B3133150F82140ECB14E
:105F5000302383F3118804F58053D3F8A428136801
:105F6000527903EB8203DB689B695D6845B10421CC
:105F70006018FFF75DFE294604F1140002F07AFC78
:105F80002046FFF7A7FE002383F3118838BD0000E9
:105F90007047000010B50446002102F07BFA002192
:105FA000204602F06BFA63681B6813B10621204695
:105FB0009847A36823F00113A3600023A367062377
:105FC00084F8703010BD000001F056BD012340225E
:105FD000002110B5044600F8303BFBF733FF0023E7
:105FE000C4E9013310BD000010B53023044683F32B
:105FF00011882422416000210C30FBF723FF20464A
:1060000001F05CFD02230020237080F3118810BD95
:1060100070B500EB8103054650690E461446DA6000
:1060200018B110220021FBF70DFFA06918B1102252
:106030000021FBF707FF31462846BDE8704001F01C
:1060400045BE000083682022002103F0011310B533
:10605000044683601030FBF7F5FE2046BDE8104093
:1060600001F0C0BEF0B4012500EB810447898D40EA
:10607000E4683D43A469458123600023A260636016
:10608000F0BC01F0DDBE0000F0B4012500EB81049E
:1060900007898D40E4683D436469058123600023DE
:1060A000A2606360F0BC01F053BF000070B5022332
:1060B00000250446242203702946C0F888500C307D
:1060C000C56640F8045CFBF7BDFE204684F87050BE
:1060D00001F08EFD63681B6823B129462046BDE8A8
:1060E0007040184770BD00000378052B10B50446BA
:1060F0000AD080F88C300523037043681B680BB10D
:10610000042198470023A36010BD000001780529F1
:1061100006D190F88C20436802701B6803B11847C1
:106120007047000070B590F8703004463BB183684A
:1061300023F0011383600023836780F8703004F13B
:1061400080020021204601F071FE63689B684BB914
:1061500094F8803013F0600528D02046BDE87040E8
:10616000FFF718BF204698470028F1D0B4F88630D2
:10617000A26F9A4288BFA36794F98030A56F002B65
:106180004FF0300380F20281002D00F0F1800922EF
:1061900084F8702083F3118800212046D4E91D2360
:1061A000FFF772FF002383F3118870BD94F88120FC
:1061B00003F07F0343EA022340F20232934200F0ED
:1061C000C48021D8B3F5807F47D00DD8012B3ED0B5
:1061D000022B00F09280002BBFD104F1880262678D
:1061E0000222A267E367C1E7B3F5817F00F09A80DE
:1061F000B3F5407FB1D194F88230012BADD1B4F822
:10620000883043F0020331E0B3F5006F4CD017D86B
:10621000B3F5A06F30D0A3F5C063012B9DD86368A0
:10622000204694F882205E6894F88310B4F8843095
:10623000B047002891D0436863670368A36719E0FB
:10624000B3F5106F35D040F60242934285D15C4BD6
:1062500063670223A3670023C4E794F88230012B0D
:106260007FF47BAFB4F8883023F00203A4F88830C1
:10627000C4E91D55E56779E7B4F88030B3F5A06F40
:106280000ED194F88230204684F88A3001F010FD57
:1062900063681B6813B101212046984703232370CC
:1062A0000023C4E91D339DE704F18B0363670123D9
:1062B000C4E72378042B10D1302383F311882046C0
:1062C000FFF7C0FE85F311880321636884F88B50C3
:1062D00021701B680BB12046984794F88230002B40
:1062E000DED084F88B300423237063681B68002B96
:1062F000D6D0022120469847D2E794F88430204631
:106300001D0603F00F010AD501F082FD012804D01B
:1063100002287FF422AF2B4B9AE72B4B98E701F032
:1063200069FDF3E794F88230002B7FF416AF94F800
:10633000843013F00F01B3D01A06204602D502F0C4
:10634000C1F8ADE702F0B2F8AAE794F88230002B6A
:106350007FF403AF94F8843013F00F01A0D01B0634
:10636000204602D502F096F89AE702F087F897E700
:10637000142284F8702083F311882B462A4629467C
:106380002046FFF76FFE85F311880EE75DB11522F9
:1063900084F8702083F3118800212046D4E91D235E
:1063A000FFF760FEFEE60B2284F8702083F311886D
:1063B0002B462A4629462046FFF766FEE3E700BF44
:1063C000EC980008E4980008E898000838B590F8C0
:1063D000703004460B2B09D80B2B37D8DFE803F0BD
:1063E0000836363636360836360D2737152B2DD17A
:1063F0002046BDE83840FFF7CDBD856FB0F8863048
:106400009D4214D2C3681B8AB5FBF3F203FB1255FD
:106410006DB9302383F311882B462A462946FFF7AE
:1064200033FE85F311880A2384F870300EE01423BC
:1064300084F87030302383F31188002320461A46F5
:106440001946FFF70FFE002383F3118838BDC36F91
:1064500003B19847A36823F00113A3600023A36747
:10646000E2E7000010B590F870300446142B1ED0FF
:106470000CD8062B05D001D81BB110BD0A3B012B4F
:10648000FBD82046BDE81040FFF784BD152BF4D1A2
:106490000B2380F87030302383F3118800231A46D1
:1064A0001946FFF7F1FD002383F31188E5E7C36880
:1064B0009B695B68002BE0D1C36F03B19847A36869
:1064C00023F00113A3600023A36784F87030D4E79E
:1064D0000023826880F8243083691B6899689142A0
:1064E000FBD25A6803604260106058607047000039
:1064F0000023826880F8243083691B689968914280
:10650000FBD85A6803604260106058607047000012
:1065100008B50846302383F3118891F82430032B03
:1065200005D0042B0DD02BB983F3118808BD8B6ADD
:1065300000221A604FF0FF338362FFF7C9FF002388
:10654000F2E7D1E9003213605A60F3E7034610B571
:106550001B68984203D09C688A689442F8D25A68B3
:106560000B604A601160596010BD0000FFF7B0BFBA
:1065700038B50B4B1C68DD6885F824002268536031
:106580001A600122DC60A36884F82420934201D1C0
:1065900001F01AF929462046BDE83840F9F732BF24
:1065A000883D00200C4B30B5DD684B1C87B004469D
:1065B0000FD02B46094A684600F0A2F92046FFF7A3
:1065C000D7FF009B13B1684600F0A4F9A86A07B092
:1065D00030BDFFF7CDFFF9E7883D002011650008C9
:1065E000044B1A68DB6890689B68984294BF00204F
:1065F00001207047883D002038B50C4B1C68DD68D1
:10660000226853601A600122DC6084F82420AB68A1
:10661000934201D101F0DAF82846FFF769FF0146FD
:106620002046BDE83840F9F7EDBE00BF883D0020A8
:10663000044B1A68DB6892689B689A4201D9FFF79D
:10664000DBBF7047883D002038B50123084C00258A
:106650002370656002F026FB02F050FB05490648F6
:1066600002F02EFC0223237085F3118838BD00BF91
:1066700030400020F4980008883D002000F080B9E8
:10668000034A516853685B1A9842FBD8704700BFB1
:10669000001000E08B604B630023CA6100F1280208
:1066A0000B6302230A618B840123886181F8263001
:1066B00001F11003C26A4A611360C36201F12C0345
:1066C0000846CB6270470000D0E90131026841F80A
:1066D000183CA1F19C033839CB60036941F8243C94
:1066E000436941F8203C034B41F8043CC36802482D
:1066F000FFF7D0BF1D040008883D002008B5FFF754
:10670000E3FFBDE80840FFF731BF000038B50E4B8E
:10671000DC6804F12C05A062E06AA8420FD194F86D
:1067200026303BB994F825309B0702BFD4E90432E8
:1067300013605A600F20BDE83840FFF719BF0368A7
:10674000E362FFF713FFE7E7883D0020302383F380
:106750001188FFF7DBBF000008B50146302383F343
:1067600011880820FFF71EFF002383F3118808BD5E
:10677000054BDB6821B1036098620320FFF712BF6D
:106780004FF0FF30704700BF883D002003682BB1F9
:106790000022026018469962FFF7E8BE70470000C9
:1067A000064BDB6839B1426818605A601360436079
:1067B0000420FFF7F7BE4FF0FF307047883D002000
:1067C0000368984206D01A680260506018469962C1
:1067D000FFF7CCBE7047000038B504460D46206870
:1067E000844200D138BD036823605C608562FFF796
:1067F000BDFEF4E7036810B59C68A2420CD85C6843
:106800008A600B604C602160596099688A1A9A60AE
:106810004FF0FF33836010BD121B1B68ECE70000D4
:106820000A2938BF0A2170B504460D460A266019A8
:1068300002F032FA02F01AFA041BA54203D8751CC2
:1068400004462E46F3E70A2E04D90120BDE8704025
:1068500002F0FEBB70BD0000F8B5144B0D460A2ACD
:106860004FF00A07D96103F11001826038BF0A2294
:10687000416019691446016048601861A81802F067
:10688000FBF902F0F3F9431B0646A34206D37C1C36
:1068900028192746354602F0FFF9F2E70A2F04D9F6
:1068A0000120BDE8F84002F0D3BBF8BD883D0020D0
:1068B000F8B506460D4602F0D9F90F4A134653F8CB
:1068C000107F9F4206D12A4601463046BDE8F84077
:1068D000FFF7C2BFD169BB68441A2C1928BF2C46E8
:1068E000A34202D92946FFF79BFF224631460348BF
:1068F000BDE8F840FFF77EBF883D0020983D0020AE
:10690000C0E90323002310B45DF8044B4361FFF793
:10691000CFBF000010B5194C236998420DD0816893
:10692000D0E9003213605A609A680A449A600023E2
:1069300003604FF0FF33A36110BD0268234643F8A4
:10694000102F53600022026022699A4203D1BDE8F1
:10695000104002F09BB9936881680B44936002F089
:1069600085F92269E1699268441AA242E4D9114486
:10697000BDE81040091AFFF753BF00BF883D002053
:106980002DE9F047DFF8BC8008F110072C4ED8F84D
:10699000105002F06BF9D8F81C40AA68031B9A4209
:1069A0003ED814444FF00009D5E90032C8F81C4025
:1069B00013605A60C5F80090D8F81030B34201D186
:1069C00002F064F989F31188D5E903312846984724
:1069D000302383F311886B69002BD8D002F046F97D
:1069E0006A69A0EB040982464A450DD2022002F0F2
:1069F0002FFB0022D8F81030B34208D15146284668
:106A0000BDE8F047FFF728BF121A2244F2E712EB65
:106A100009092946384638BF4A46FFF7EBFEB5E775
:106A2000D8F81030B34208D01444C8F81C00211A1A
:106A3000A960BDE8F047FFF7F3BEBDE8F08700BFEF
:106A4000983D0020883D002038B502F00FF9054A36
:106A5000D2E90845031B181945F10001C2E90801F4
:106A600038BD00BF883D002010B560B907480479E3
:106A70000368053C9B6818BF0124984708B144F09F
:106A80000404204610BD0124FBE700BFC0360020EF
:106A9000FFF7EABF2DE9F047884617469A460446B5
:106AA000B0B90D4E3579052D05D003240DE0013D1B
:106AB00015F0FF050ED03268534639463046D2F8FD
:106AC00014904246C8470028F1D12046BDE8F0871F
:106AD0000424FAE70124F8E7C03600202DE9F04746
:106AE000884617469A460446B0B90D4E3579052DAD
:106AF00005D003240DE0013D15F0FF050ED03268EE
:106B0000534639463046D2F818904246C8470028C6
:106B1000F1D12046BDE8F0870424FAE70124F8E724
:106B2000C036002037B50C46154670B951B1012961
:106B30000BD10748694603681B6A984710B9019B47
:106B400004462B60204603B030BD0424FAE700BFA2
:106B5000C036002000207047FEE7000070470000AC
:106B60004FF0FF30704700004B6843608B688360D4
:106B7000CB68C3600B6943614B6903628B694362F5
:106B80000B6803607047000008B53C4B40F2FF7192
:106B90003B48D3F888200A43C3F88820D3F88820DC
:106BA00022F4FF6222F00702C3F88820D3F888207D
:106BB000D3F8E0200A43C3F8E020D3F808210A43C1
:106BC000C3F808212F4AD3F808311146FFF7CCFF4C
:106BD00000F5806002F11C01FFF7C6FF00F5806040
:106BE00002F13801FFF7C0FF00F5806002F15401A7
:106BF000FFF7BAFF00F5806002F17001FFF7B4FF04
:106C000000F5806002F18C01FFF7AEFF00F58060B7
:106C100002F1A801FFF7A8FF00F5806002F1C401AE
:106C2000FFF7A2FF00F5806002F1E001FFF79CFF93
:106C300000F5806002F1FC01FFF796FF02F58C7110
:106C400000F58060FFF790FF01F0D8FC0E4BD3F801
:106C5000902242F00102C3F89022D3F8942242F02D
:106C60000102C3F894220522C3F898204FF0605225
:106C7000C3F89C20054AC3F8A02008BD0044025870
:106C8000000002580899000800ED00E01F0008030A
:106C900008B501F0ADFDFFF7D7FC104BD3F8DC20B1
:106CA00042F04002C3F8DC20D3F8042122F0400275
:106CB000C3F80421D3F80431094B1A6842F00802E2
:106CC0001A601A6842F004021A6000F067FD00F0D2
:106CD0003DFBBDE8084000F0B5B800BF00440258D5
:106CE00000180248012070470020704770470000DC
:106CF00002290CD0032904D00129074818BF00201D
:106D00007047032A05D8054800EBC20070470448C5
:106D100070470020704700BF049B00084C220020F1
:106D2000B89A000870B59AB005460846144601A9FD
:106D300000F0C2F801A8FBF77DF8431C0022C6B2A0
:106D40005B001046C5E9003423700323023404F8C5
:106D5000013C01ABD1B202348E4201D81AB070BDF1
:106D600013F8011B013204F8010C04F8021CF1E7CE
:106D700008B5302383F311880348FFF77FF8002319
:106D800083F3118808BD00BF3840002090F88030A0
:106D900003F01F02012A07D190F881200B2A03D1AA
:106DA0000023C0E91D3315E003F06003202B08D158
:106DB000B0F884302BB990F88120212A03D81F2AFB
:106DC00004D8FFF73DB8222AEBD0FAE7034A42671E
:106DD00007228267C3670120704700BF432200205B
:106DE00007B5052917D8DFE801F01916031919208E
:106DF000302383F31188104A01210190FFF708F92D
:106E0000019802210D4AFFF703F90D48FFF702F838
:106E1000002383F3118803B05DF804FB302383F370
:106E200011880748FEF7CCFFF2E7302383F311887F
:106E30000348FEF7E3FFEBE7589A00087C9A000846
:106E40003840002038B50C4D0C4C2A460C4904F152
:106E50000800FFF767FF05F1CA0204F110000949B5
:106E6000FFF760FF05F5CA7204F118000649BDE896
:106E70003840FFF757BF00BF105900204C220020B8
:106E80003C9A0008469A00084D9A000870B50446DE
:106E900008460D46FAF7CEFFC6B220460134037805
:106EA0000BB9184670BD32462946FAF7AFFF0028E5
:106EB000F3D10120F6E700002DE9F84F05460C4616
:106EC000FAF7B8FF2A49C6B22846FFF7DFFF08B134
:106ED000013EF6B227492846FFF7D8FF08B1103621
:106EE000F6B2632E0DD8DFF88890DFF888A0224F25
:106EF000DFF88CB0DFF88C802E7846B92670BDE8BC
:106F0000F88F29462046BDE8F84F02F03FB9252EFC
:106F10002AD1072249462846FAF778FF50B9D8F80F
:106F200000300735063444F8063CB8F8043024F83D
:106F3000023CE1E7082251462846FAF767FF98B974
:106F4000A21C0E4B197802320909C95D02F8041C13
:106F500013F8011B01F00F015B45C95D02F8031C2A
:106F6000F0D118340835C7E7013504F8016BC3E7E1
:106F7000249B00084D9A00082C9B000800E8F11F94
:106F80000CE8F11F469A0008BFF34F8F044B1A69B3
:106F90005107FCD1D3F810215207F8D1704700BF38
:106FA0000020005208B50D4B1B78ABB9FFF7ECFF82
:106FB0000B4BDA68D10704D50A4A5A6002F18832CD
:106FC0005A60D3F80C21D20706D5064AC3F804212B
:106FD00002F18832C3F8042108BD00BF6E5B0020B7
:106FE000002000522301674508B5114B1B78F3B907
:106FF000104B1A69510703D5DA6842F04002DA6093
:10700000D3F81021520705D5D3F80C2142F04002E5
:10701000C3F80C21FFF7B8FF064BDA6842F0010213
:10702000DA60D3F80C2142F00102C3F80C2108BD4C
:107030006E5B0020002000520F289ABF00F5806090
:1070400040040020704700004FF4003070470000FB
:10705000102070470F2808B50BD8FFF7EDFF00F59B
:1070600000330268013204D104308342F9D1012097
:1070700008BD0020FCE700000F2838B505463FD8C2
:10708000FFF782FF1F4CFFF78DFF4FF0FF330728FC
:107090006361C4F814311DD82361FFF775FF030243
:1070A00043F02403E360E36843F08003E360236973
:1070B0005A07FCD42846FFF767FFFFF7BDFF4FF4E0
:1070C000003100F09BFA2846FFF78EFFBDE83840FC
:1070D000FFF7C0BFC4F81031FFF756FFA0F1080357
:1070E0001B0243F02403C4F80C31D4F80C3143F0F4
:1070F0008003C4F80C31D4F810315B07FBD4D9E716
:10710000002038BD002000522DE9F84F04460D46FE
:10711000104644EA0203DE0602D00020BDE8F88FE4
:1071200020F01F00DFF8D4B0DFF8D4A0FFF73AFF5B
:1071300005EB0008454503D10120FFF755FFEDE7BA
:1071400020222946204601F0E9FF10B920342035DD
:10715000F0E7234604F120021F68791CDDD10433D7
:107160009342F9D104F178432048214EB3F5801FB2
:10717000204B38BF184603F1F80332BFD946D14639
:107180001E46FFF701FF0760A4EB050C336805F10D
:107190001C0143F0020333602B1FD9F8007017F075
:1071A0000507FAD153F8042F8B424CF80320F4D191
:1071B000BFF34F8FFFF7E8FE4FF0FF3303603368F4
:1071C00023F002033360BFF34F8F0B4BC3F85C42D5
:1071D000BFF34F8FBFF36F8F20222946204601F067
:1071E0009DFF0028B2D03846A7E700BF1421005207
:1071F0000C2000521420005200ED00E0102000523C
:107200001021005210B5084C237828B11BB9FFF7A4
:10721000C9FE0123237010BD002BFCD02070BDE8F7
:107220001040FFF7E1BE00BF6E5B00202DE9F04F7C
:107230000D4685B0814658B111F00D0614BF2022CD
:10724000082211F00803019304D0431E034269D0C1
:10725000002435E0002E37D009F11F0121F01F096D
:107260004FF00108314F05F00403DFF8CCA005EA28
:10727000080BBBF1000F32D07869C0072FD408F19A
:1072800001080C37B8F1060FF3D19EB9284D4946D5
:10729000A819019201F054FD0446002839D1203686
:1072A000019AA02EF3D1494601F04AFD0446002878
:1072B0002FD1019A49461F4801F042FD044660BBA8
:1072C000204605B0BDE8F08F0029C9D10146284607
:1072D000029201F035FD0446D8B9029AC0E713B115
:1072E00078694107CBD5AC0702D578698007C6D548
:1072F000019911B178690107C1D549460AEB4810D7
:10730000CDE9022301F01CFD0446DDE9022300283B
:10731000B5D04A460021204601E04A460021FAF74E
:1073200091FDCDE70246002E96D199E7409B0008DB
:10733000B05B0020705B0020905B00200021FFF715
:1073400075BF00000121FFF771BF000000231A463E
:1073500070B51A600433B3F5806FFAD1104D012473
:10736000104E06EB441001342A6955F80C1F01F049
:10737000D3FC062CF5D137254FF4C0542046FFF737
:10738000E1FF014628B122460748BDE8704001F000
:10739000C3BCC4EBC404013D4FEAD404EED170BDBC
:1073A000409B0008905B0020705B00200421FFF7E9
:1073B0003DBF00004843FFF7C1BF000008B101F026
:1073C00039BD7047B0F5805F10B5044607D8FFF7A8
:1073D000EDFF28B92046BDE81040FFF7AFBF002001
:1073E00010BD0000FFF7EABF70B5AAB140EA010383
:1073F00013F01F030FD1094C0144A5686D0706D592
:107400002568A84203D366683544A94204D90333EA
:107410000C34122BF1D10022104670BD409B0008A5
:1074200008B501F01DFE034AD2E90032C01842EB54
:10743000010108BD505C0020434BD3E900232DE936
:10744000F34113437CD0FFF7EBFF404A00230027B2
:10745000F8F7F2FF06460D463D4A0023F8F7ECFF29
:107460000023144630462946394AF8F7E5FF4FF421
:1074700061613C23ADF80170B4FBF1F5B4FBF3F6A8
:1074800001FB154103FB16464624B1FBF3F1314BDA
:10749000F6B28DF8004098423CD84FF0640C4FF49F
:1074A000C87EA30704F26C7225D1B2FBFCF30CFB7F
:1074B000132313BBB2FBFEF30EFB1322B2FA82F3CB
:1074C0005B0903F26D18621C8045D2B217D90FB167
:1074D0008DF800400022204C4FF00C0C17460CFB9E
:1074E0000343D4B2013213F804C084450CD8A0EB96
:1074F0000C000127F5E70023E3E70123E1E7A0EB18
:10750000080014460127CCE70FB18DF80140431C59
:107510008DF802309DF80100431C9DF800005038A2
:10752000400640EA43509DF8023040EA034040EAFA
:10753000560040EAC52040EA411002B0BDE8F081A3
:107540004FF40410F9E700BF505C002040420F00E8
:107550008051010090230B00889B00080244074BD8
:10756000D2B210B5904200D110BD441C00B253F805
:10757000200041F8040BE0B2F4E700BF504000588F
:107580000E4B30B51C6F240405D41C6F1C671C6F98
:1075900044F400441C670A4C02442368D2B243F40A
:1075A00080732360074B904200D130BD441C51F8DA
:1075B000045B00B243F82050E0B2F4E70044025804
:1075C000004802585040005807B5012201A9002088
:1075D000FFF7C4FF019803B05DF804FB13B5044640
:1075E000FFF7F2FFA04205D0012201A9002001947B
:1075F000FFF7C6FF02B010BD704700000144BFF3A3
:107600004F8F064B884204D3BFF34F8FBFF36F8F6A
:107610007047C3F85C022030F4E700BF00ED00E0E3
:107620000144BFF34F8F064B884204D3BFF34F8F03
:10763000BFF36F8F7047C3F870022030F4E700BFCC
:1076400000ED00E070B5054616460C4601201021FD
:10765000FFF7B0FE286046733CB1204636B1FFF715
:10766000A5FE2B68186000B19C6070BDFFF76AFE34
:10767000F7E70000F8B50F461546044648B905F18E
:107680001F010126386821F01F01FFF7B7FF3046C0
:10769000F8BD427B29463868FFF7A6FE064600285B
:1076A000EDD13B686360A368AB4210D213B1206890
:1076B000FFF784FE637B28462BB1FFF777FE20603F
:1076C00020B9A060E3E7FFF73DFEF8E7A56020687A
:1076D00005F11F01012621F01F013860FFF78EFF21
:1076E0002673D4E770B50E4602F11F010446154615
:1076F00021F01F013046FFF793FF4CB12168B142E2
:1077000006D1606810B12A46FAF776FB002323738E
:1077100070BD0000F8B50F461446054648B904F19F
:107720001F010126386821F01F01FFF779FF30465D
:10773000F8BD427B21463868FFF756FE0646002812
:10774000EDD1AB68A34210D213B12868FFF736FE23
:107750006B7B20462BB1FFF729FE286020B9A8607B
:10776000E5E7FFF7EFFDF8E7AC60396819B12246AD
:107770002868FAF741FB286804F11F01012621F06F
:107780001F013860FFF74CFF2E73D0E720B103686C
:107790008B4204BF0023037370470000034B1A6839
:1077A0001AB9034AD2F8D0241A607047585C0020F6
:1077B0000040025808B5FFF7F1FF024B1868C0F30C
:1077C000806008BD585C00207047000070470000D2
:1077D000EFF30983054968334A6B22F001024A63DB
:1077E00083F30988002383F31188704700EF00E0DA
:1077F000302080F3118862B60D4B0E4AD96821F40F
:10780000E0610904090C0A430B49DA60D3F8FC2053
:1078100042F08072C3F8FC20084AC2F8B01F116819
:1078200041F0010111602022DA7783F822007047CD
:1078300000ED00E00003FA0555CEACC5001000E0F5
:10784000302310B583F311880E4B5B6813F400638B
:1078500014D0F1EE103AEFF309844FF08073683CD6
:10786000E361094BDB6B236684F30988FEF7B8FEFE
:1078700010B1064BA36110BD054BFBE783F31188E4
:10788000F9E700BF00ED00E000EF00E02F04000882
:107890003204000870B5BFF34F8FBFF36F8F1A4AE1
:1078A0000021C2F85012BFF34F8FBFF36F8F53699F
:1078B00043F400335361BFF34F8FBFF36F8FC2F8B0
:1078C0008410BFF34F8FD2F8803043F6E074C3F3D7
:1078D000C900C3F34E335B0103EA0406014646EADE
:1078E00081750139C2F86052F9D2203B13F1200FA3
:1078F000F2D1BFF34F8F536943F480335361BFF329
:107900004F8FBFF36F8F70BD00ED00E0FEE700000A
:10791000214B2248224A70B5904237D3214BC11ED9
:10792000DA1C121A22F003028B4238BF0022002117
:10793000FAF788FA1C4A0023C2F88430BFF34F8F4D
:10794000D2F8803043F6E074C3F3C900C3F34E337A
:107950005B0103EA0406014646EA81750139C2F873
:107960006C52F9D2203B13F1200FF2D1BFF34F8FAD
:10797000BFF36F8FBFF34F8FBFF36F8F0023C2F83A
:107980005032BFF34F8FBFF36F8F70BD53F8041B9E
:1079900040F8041BC0E700BF849C0008D45D0020B1
:1079A000D45D0020D45D002000ED00E0074BD3F84B
:1079B000D81021EA0001C3F8D810D3F8002122EA38
:1079C0000002C3F80021D3F8003170470044025888
:1079D00070B5D0E9244300224FF0FF359E6804EBD8
:1079E00042135101D3F80009002805DAD3F8000941
:1079F00040F08040C3F80009D3F8000B002805DAF6
:107A0000D3F8000B40F08040C3F8000B013263183C
:107A10009642C3F80859C3F8085BE0D24FF001134F
:107A2000C4F81C3870BD0000F0B5D0E9246301250E
:107A30000C309F6800231A4650F8041B59B18C691A
:107A400024B103F1100405FA04F42243496911B189
:107A500005FA03F10A4301339F42EDD2C6F81C2810
:107A6000F0BD0000890141F02001016103699B061E
:107A7000FCD41220FEF704BE10B50A4C2046FEF7D7
:107A8000A5FA094BC4F89030084BC4F89430084C60
:107A90002046FEF79BFA074BC4F89030064BC4F81B
:107AA000943010BD5C5C002000000840C49B0008BE
:107AB000F85C002000000440D09B000870B50378FB
:107AC0000546012B5CD1434BD0F89040984258D1E9
:107AD000414B0E216520D3F8D82042F00062C3F854
:107AE000D820D3F8002142F00062C3F80021D3F877
:107AF0000021D3F8802042F00062C3F88020D3F840
:107B0000802022F00062C3F88020D3F88030FDF797
:107B100045FC324BE360324BC4F800380023D5F803
:107B20009060C4F8003EC02323604FF40413A363A5
:107B30003369002BFCDA01230C203361FEF7A0FD32
:107B40003369DB07FCD41220FEF79AFD3369002B62
:107B5000FCDA00262846A660FFF73AFF6B68C4F8F7
:107B60001068DB68C4F81468C4F81C6883BB1D4B3C
:107B7000A3614FF0FF336361A36843F00103A36087
:107B800070BD194B9842C9D1134B4FF08060D3F8A8
:107B9000D82042F00072C3F8D820D3F8002142F078
:107BA0000072C3F80021D3F80021D3F8802042F0FE
:107BB0000072C3F88020D3F8802022F00072C3F84E
:107BC0008020D3F88030FFF7F1FE0E214D209EE794
:107BD000064BCDE75C5C0020004402584014004096
:107BE00003002002003C30C0F85C0020083C30C09C
:107BF000F8B5D0F89040054600214FF000662046C9
:107C0000FFF730FFD5F8941000234FF001128F6872
:107C10004FF0FF30C4F83438C4F81C2804EB43128A
:107C200001339F42C2F80069C2F8006BC2F808092C
:107C3000C2F8080BF2D20B68D5F89020C5F898303E
:107C4000636210231361166916F01006FBD112202F
:107C5000FEF716FDD4F8003823F4FE63C4F80038AC
:107C6000A36943F4402343F01003A3610123C4F844
:107C700010380923C4F814380B4BEB604FF0C043A5
:107C8000C4F8103B094BC4F8003BC4F81069C4F8B1
:107C90000039D5F8983003F1100243F48013C5F889
:107CA0009820A362F8BD00BFA09B00084080001090
:107CB000D0F8902090F88A10D2F8003823F4FE63B0
:107CC00043EA0113C2F80038704700002DE9F84379
:107CD00000EB8103D0F890500C468046DA680FFA2A
:107CE00081F94801166806F00306731E022B05EBA6
:107CF00041134FF0000194BFB604384EC3F8101B77
:107D00004FF0010104F1100398BF06F1805601FA0B
:107D100003F3916998BF06F5004600293AD0578AC7
:107D200004F15801374349016F50D5F81C180B4333
:107D30000021C5F81C382B180127C3F81019A740DB
:107D40005369611E9BB3138A928B9B08012A88BFDB
:107D50005343D8F89820981842EA034301F14002AF
:107D60002146C8F89800284605EB82025360FFF7C9
:107D700079FE08EB8900C3681B8A43EA84534834C0
:107D80001E4364012E51D5F81C381F43C5F81C78DA
:107D9000BDE8F88305EB4917D7F8001B21F4004133
:107DA000C7F8001BD5F81C1821EA0303C0E704F14B
:107DB0003F030B4A2846214605EB83035A60FFF731
:107DC00051FE05EB4910D0F8003923F40043C0F808
:107DD0000039D5F81C3823EA0707D7E700800010E0
:107DE00000040002D0F894201268C0F89820FFF731
:107DF000EFBD00005831D0F8903049015B5813F4C2
:107E0000004004D013F4001F0CBF02200120704773
:107E10004831D0F8903049015B5813F4004004D049
:107E200013F4001F0CBF02200120704700EB8101FA
:107E3000CB68196A0B6813604B6853607047000089
:107E400000EB810330B5DD68AA691368D36019B906
:107E5000402B84BF402313606B8A1468D0F89020B5
:107E60001C4402EB4110013C09B2B4FBF3F4634340
:107E7000033323F0030343EAC44343F0C043C0F891
:107E8000103B2B6803F00303012B0ED1D2F8083806
:107E900002EB411013F4807FD0F8003B14BF43F095
:107EA000805343F00053C0F8003B02EB4112D2F87C
:107EB000003B43F00443C2F8003B30BD2DE9F041E4
:107EC000D0F8906005460C4606EB4113D3F8087BCA
:107ED0003A07C3F8087B08D5D6F814381B0704D531
:107EE00000EB8103DB685B689847FA071FD5D6F87B
:107EF0001438DB071BD505EB8403D968CCB98B6933
:107F0000488A5A68B2FBF0F600FB16228AB9186854
:107F1000DA6890420DD2121AC3E90024302383F3A9
:107F2000118821462846FFF78BFF84F31188BDE8AE
:107F3000F081012303FA04F26B8923EA02036B81C7
:107F4000CB68002BF3D021462846BDE8F041184706
:107F500000EB81034A0170B5DD68D0F890306C69A0
:107F60002668E66056BB1A444FF40020C2F8100998
:107F70002A6802F00302012A0AB20ED1D3F80808D7
:107F800003EB421410F4807FD4F8000914BF40F0D2
:107F9000805040F00050C4F8000903EB4212D2F8C0
:107FA000000940F00440C2F800090122D3F8340867
:107FB00002FA01F10143C3F8341870BD19B9402E1B
:107FC00084BF4020206020681A442E8A8419013C16
:107FD000B4FBF6F440EAC44040F00050C6E70000AD
:107FE0002DE9F84FD0F8906005460C464F0106EB9E
:107FF0004113D3F8088918F0010FC3F808891CD081
:10800000D6F81038DB0718D500EB8103D3F80CC085
:10801000DCF81430D3F800E0DA68964533D2A2EBEE
:108020000E024FF000091A60C3F80490302383F366
:108030001188FFF78DFF89F3118818F0800F20D089
:10804000D6F834380126A64033421AD005EB840313
:108050000134D5F890506FF00308D3F80CC0E4B2A7
:108060002F44DCF8140005EB0434D0F800E0D0F81D
:108070000490F14514D3D5F8343823EA0606C5F840
:108080003468BDE8F88F012303FA01F2038923EA7B
:1080900002030381DCF80830002BCED09847CCE7F0
:1080A000AEEB0903BCF81020934228BF1346D7F863
:1080B000182992B2B3EB820FE3D88268194602EB1B
:1080C000030B0329ABEB010A1CD84FEA930A23F0F8
:1080D000030B08FB0A31934479B1022918D0032914
:1080E00018D19BF8021009049BF801B041EA0B215A
:1080F00012F82AA04AEA010121601A444B44826026
:108100004360B4E7DAF800A00439C4F800A0D8E767
:108110000021E9E70021EBE72DE9F74F0446D0F80D
:1081200090504FF040094FF0010A6F69AB691F4052
:1081300017F480586F6105D0204603B0BDE8F04FBA
:10814000FDF7B4BF002F15DAD5F8003E9E0705D025
:10815000D5F8003E23F00303C5F8003E2046FFF7A4
:1081600063FCD5F80438204623F00103C5F8043831
:10817000FDF7CCFF380505D52046FFF729FC204642
:10818000FDF7B2FFB9040CD5D5F8083813F0060F87
:10819000EB6823F470530CBF43F4105343F4A05323
:1081A000EB603A071AD56368DB681BB9AB6923F04B
:1081B0000803AB612378052B08D1D5F8003E204693
:1081C00023F00303C5F8003EFDF7A0FF2046FFF7AC
:1081D0002BFC6368DB680BB120469847FB026ED42A
:1081E000BE0209D5D4F890200026D4F89430F1B21C
:1081F0009B68994240F29B803803D5F8186800F1DB
:10820000B4807A0335D5F30703D500212046FFF764
:10821000E7FEB00703D501212046FFF7E1FE710715
:1082200003D502212046FFF7DBFE320703D50321E9
:108230002046FFF7D5FEF30603D504212046FFF7BD
:10824000CFFEB00603D505212046FFF7C9FE710613
:1082500003D506212046FFF7C3FE320603D50721CA
:108260002046FFF7BDFEF30503D508212046FFF7A2
:10827000B7FEFE0619D5D4F89060336AC3F30A122C
:1082800003F00F0003F4F013B3F5802F00F0B28079
:10829000B3F5402F09D104EB8000002106F580568C
:1082A000C3681B6A8A4240F09880694B1F4203D022
:1082B000B9F101097FF439AF03B0BDE8F08FD4F80C
:1082C00090604FF0000BD4F894205FFA8BF1926825
:1082D000914285D806EB4112D2F8000900F4402003
:1082E000B0F5802F20D1D2F8000900281CDAD2F88E
:1082F000000940F09040C2F80009D2F800090028B7
:10830000FBDBD4F890000191FFF7ACFB01992089C9
:108310000AFA01F220EA0202228104EB8102D26809
:1083200092680AB1204690470BF1010BCBE702EBB4
:108330004110D0F8003B03F44023B3F5802F12D155
:10834000D0F8003B002B0EDA60890AFA01F320EA2C
:108350000303638104EB8103DB68DB681BB1204608
:1083600001929847019A01363FE7F10303D50021B6
:108370002046FFF7A3FDB20303D501212046FFF7F6
:108380009DFD730303D502212046FFF797FD3003BF
:1083900003D503212046FFF791FDF10203D5042107
:1083A0002046FFF78BFDB20203D505212046FFF7DB
:1083B00085FD730203D506212046FFF77FFD3002BD
:1083C00003D507212046FFF779FDF1017FF519AFAD
:1083D00008212046FFF772FD13E7880701D1D6F880
:1083E0000080072901F101019CBF03F8018B4FEACE
:1083F000182857E704EB800E4FF0000C06F5805666
:10840000DEF80C309969D1E900038968C31A624526
:1084100010D1DEF80C1093428869D0E901168BBFA9
:10842000B618F61852185B1887BF866042608660DF
:1084300043603AE71CF0030F01D1D6F80080634592
:108440000CF1010C84BF01F8018B4FEA1828DEE71C
:108450003000000408B50348FFF75EFEBDE80840A1
:10846000FFF7EEB95C5C002008B50348FFF754FE47
:10847000BDE80840FFF7E4B9F85C0020D0F8903080
:1084800003EB4111D1F8003B43F40013C1F8003B6A
:1084900070470000D0F8903003EB4111D1F800395B
:1084A00043F40013C1F8003970470000D0F8903051
:1084B00003EB4111D1F8003B23F40013C1F8003B5A
:1084C00070470000D0F8903003EB4111D1F800392B
:1084D00023F40013C1F8003970470000064BD3F8AD
:1084E000DC200243C3F8DC20D3F804211043C3F896
:1084F0000401D3F8043170470044025808B53E4BDC
:108500004FF0FF31D3F8802062F00042C3F88020A2
:10851000D3F8802002F00042C3F88020D3F88020F6
:10852000D3F88420C3F88410D3F884200022C3F841
:108530008420D3F88400D86F40F0FF4040F4FF005F
:1085400040F4DF4040F07F00D867D86F20F0FF4054
:1085500020F4FF0020F4DF4020F07F00D867D86FC0
:10856000D3F888006FEA40506FEA5050C3F8880093
:10857000D3F88800C0F30A00C3F88800D3F8880055
:10858000D3F89000C3F89010D3F89000C3F890206F
:10859000D3F89000D3F89400C3F89410D3F8940063
:1085A000C3F89420D3F89400D3F89800C3F8981037
:1085B000D3F89800C3F89820D3F89800D3F88C002B
:1085C000C3F88C10D3F88C10C3F88C20D3F88C200F
:1085D000D3F89C2062F00202C3F89C20D3F89C20C0
:1085E00002F00202C3F89C20D3F89C30FCF7E6F9B5
:1085F000BDE8084000F0E8B80044025808B5012280
:10860000534BC3F80821534BD3F8F42042F0020235
:10861000C3F8F420D3F81C2142F00202C3F81C2155
:108620000222D3F81C314C4BDA605A689104FCD515
:108630004A4A1A6001229A60494ADA6000221A61A5
:108640004FF440429A61444B9A699204FCD51A68EF
:1086500042F480721A603F4B1A6F12F4407F04D0CC
:108660004FF480321A6700221A671A6842F001023A
:108670001A60384B1A685007FCD500221A611A6933
:1086800012F03802FBD1012119604FF0804159608E
:108690005A67344ADA62344A1A611A6842F48032FC
:1086A0001A602C4B1A689103FCD51A6842F4805268
:1086B0001A601A689204FCD52C4A2D499A6200224D
:1086C0005A63196301F57C01DA6301F2E7119963DA
:1086D0005A64284A1A64284ADA621A6842F0A85290
:1086E0001A601C4B1A6802F02852B2F1285FF9D1C7
:1086F00048229A614FF48862DA6140221A621F4A66
:10870000DA641F4A1A651F4A5A651F4A9A6532235E
:108710001E4A1360136803F00F03022BFAD10D4AAF
:10872000136943F003031361136903F03803182B33
:10873000FAD14FF00050FFF7D1FE4FF08040FFF725
:10874000CDFE4FF00040BDE80840FFF7C7BE00BFB8
:1087500000800051004402580048025800C000F058
:10876000020000010000FF010088900812102000A4
:1087700063020901470E0508DD0BBF012000002040
:10878000000001100910E00000010110002000525B
:1087900008B50348FCF7E4FCBDE80840FFF750B813
:1087A000C036002008B50348FCF774FDBDE808405A
:1087B000FFF746B81839002008B500F099FCBDE86D
:1087C0000840FFF73DB8000008B509217A20FCF702
:1087D000E5FD09213120FCF7E1FD07213220FCF7FE
:1087E000DDFD0C215220BDE80840FCF7D7BD00009C
:1087F00008B5FFF783FE00F04FFCFDF7E5F9FDF744
:1088000083F9FDF7E1FBFDF791FAFEF76FFABDE89A
:10881000084000F029BA000030B50433039C01720F
:10882000002103FB0425C160C0E90653049B0363D8
:10883000059BC0E90000C0E90422C0E90842C0E984
:108840000A11436330BD00000022416AC260C0E9E2
:108850000411C0E90A226FF00101FDF7BDBF00005D
:10886000D0E90432934201D1C2680AB9181D704799
:1088700000207047036919600021C2680132C2609C
:10888000C269134482699342036124BF436A03614E
:10889000FDF796BF38B504460D46E3683BB1626903
:1088A0000020131D1268A3621344E36207E0237AD9
:1088B00033B929462046FDF773FF0028EDDA38BDAD
:1088C0006FF00100FBE70000C368C269013BC360B1
:1088D0004369134482699342436124BF436A4361FD
:1088E00000238362036B03B11847704770B53023D0
:1088F000044683F31188866A3EB9FFF7CBFF05462D
:1089000018B186F31188284670BDA36AE26A13F88D
:10891000015B9342A36202D32046FFF7D5FF0023F9
:1089200083F31188EFE700002DE9F84F04460E4667
:10893000174698464FF0300989F311880025AA465A
:10894000D4F828B0BBF1000F09D141462046FFF70B
:10895000A1FF20B18BF311882846BDE8F88FD4E938
:108960000A12A7EB050B521A934528BF9346BBF199
:10897000400F1BD9334601F1400251F8040B9142DC
:1089800043F8040BF9D1A36A403640354033A36263
:10899000D4E90A239A4202D32046FFF795FF8AF3CF
:1089A0001188BD42D8D289F31188C9E730465A46AA
:1089B000F9F722FAA36A5E445D445B44A362E7E7E9
:1089C00010B5029C0433017203FB0421C460C0E9AA
:1089D00006130023C0E90A33039B0363049BC0E929
:1089E0000000C0E90422C0E90842436310BD000052
:1089F000026A6FF00101C260426AC0E904220022EB
:108A0000C0E90A22FDF7E8BED0E904239A4201D169
:108A1000C26822B9184650F8043B0B607047002327
:108A20001846FAE7C3680021C2690133C36043698D
:108A3000134482699342436124BF436A4361FDF753
:108A4000BFBE000038B504460D46E3683BB123695C
:108A500000201A1DA262E2691344E36207E0237A50
:108A600033B929462046FDF79BFE0028EDDA38BDD4
:108A70006FF00100FBE7000003691960C268013A6A
:108A8000C260C269134482699342036124BF436A8E
:108A9000036100238362036B03B118477047000032
:108AA00070B530230D460446114683F31188866A5B
:108AB0002EB9FFF7C7FF10B186F3118870BDA36A06
:108AC0001D70A36AE26A01339342A36204D3E16991
:108AD00020460439FFF7D0FF002080F31188EDE72E
:108AE0002DE9F84F04460D46904699464FF0300A5E
:108AF0008AF311880026B346A76A4FB94946204633
:108B0000FFF7A0FF20B187F311883046BDE8F88F4A
:108B1000D4E90A073A1AA8EB0607974228BF174676
:108B2000402F1BD905F1400355F8042B9D4240F816
:108B3000042BF9D1A36A40364033A362D4E90A2357
:108B40009A4204D3E16920460439FFF795FF8BF37D
:108B500011884645D9D28AF31188CDE729463A468D
:108B6000F9F74AF9A36A3D443E443B44A362E5E772
:108B7000D0E904239A4217D1C3689BB1836A8BB1B1
:108B8000043B9B1A0ED01360C368013BC360C369EA
:108B90001A4483699A42026124BF436A0361002335
:108BA00083620123184670470023FBE701F01F038F
:108BB000F0B502F01F0456095A1C0123B6EB511FF1
:108BC00050F8265003FA02F34FEA511703F1FF332E
:108BD0003DBF50F82720C4F12000134003EA0500F0
:108BE0003BBF03FA00F225FA04F0E0401043F0BD69
:108BF00070B57E227F210546FFF7D8FF18B1012806
:108C000019D0002070BD3E2249212846FFF7CEFF33
:108C10002F22044631212846FFF7C8FF06460134BB
:108C20005022023653212846B440FFF7BFFF0938CF
:108C300004FA00F0E6E7302245212846FFF7B6FFA8
:108C400001308002DEE7000090F8D63090F8D7209F
:108C50001B0403EB026390F8D42090F8D500134472
:108C600003EB00207047000000F018BA014B586A6F
:108C7000704700BF000C0040034B002258631A618C
:108C80000222DA60704700BF000C0040014B002256
:108C9000DA607047000C0040014B5863704700BF1A
:108CA000000C0040024B034A1A60034A5A607047A6
:108CB000AC5D0020D85D002000000220094B70B59B
:108CC000D3E90054661BB04209D8201A4942084033
:108CD000821A954203D8944201D35A6070BD002095
:108CE000FCE700BFAC5D002008B5302383F311889A
:108CF000FFF7E4FF002383F3118808BD0448054B08
:108D000003600023C0E901330C3000F01FB900BF3D
:108D1000B45D0020E98C0008CB1D083A23F007035E
:108D2000591A521A10B4D2080024C0E900438460D2
:108D30000C301C605A605DF8044B00F007B900006D
:108D40002DE9F74FCC1D3A4F0E4624F007030028BB
:108D500018BF0746994204D90024204603B0BDE855
:108D6000F08F082A07F10C004FEAD40438BF08221C
:108D70000190904600F02CF93A1D019808F1070E79
:108D8000C8F100099446126872B900F02BF93B68EB
:108D9000002BE1D0E0000822414698470446002815
:108DA000DBD040E90276D8E702EB0E01D2F804A04E
:108DB00001EA09010AF10105A1F1080302EBC50569
:108DC0009D42DFD9691AB4EBE10F4FEAE10BD9D824
:108DD0009A4219D202F10801A345A3EB01014FEA1F
:108DE000E101516009D9651CE44303EBC5015C4412
:108DF0004C60146843F8354011601C465E6044F8CE
:108E0000087B00F0EFF8A8E7A245116803D1CCF881
:108E100000101346F1E7013402EBC40342F83410AA
:108E200003F108016D1AED105D60CCF80030F0E739
:108E3000B45D002073B50446A0F1080550F8080C95
:108E400054F8043C061D0C3007330190DB0844F84D
:108E5000043C00F0BDF8334601989E421A6801D0E8
:108E6000AB4228D20AB1954225D244F8082C54F8D6
:108E7000042C1D60013254F8081C05EBC206B142F7
:108E800006D14E68324444F8042C0A6844F8082C91
:108E90005E68711C03EBC1018D4207D154F8042CAC
:108EA000013232445A6054F8082C1A6002B0BDE80E
:108EB000704000F097B81346CFE70000FEE70000CF
:108EC00070B51E4B0025044686B058600E460563FB
:108ED0008163FEF78DFC04F12803A5606563C4E996
:108EE0000A3304F11003C4E904334FF0FF33C4E93B
:108EF0000044C4E90635FFF7B9FE2B46024604F1EB
:108F00003C012046C4E9082380230D4A6567FDF72C
:108F1000C1FB7368E0600B4A03620123009280F892
:108F200024306846F26801923269CDE90223064B8B
:108F3000CDE90435FDF7E2FB06B070BD30400020FE
:108F4000E49B0008DC9B0008BD8E00080023C0E9FC
:108F5000000083600361704770B51C4B0546846850
:108F6000DE685CB3B44213D103690133036170BDA1
:108F7000A36094F8243083B1062B15D1A06A214652
:108F8000D4E9003213605A60FDF7E0FAA36A9C68E6
:108F9000B368A2689A42EBD306E0D4E900322046D7
:108FA00013605A60FDF7E2FA28463146FDF7CEFA23
:108FB000B5620620BDE87040FDF7DABA0369866045
:108FC00001330361336BC3603063D0E7883D002019
:108FD00008B5302383F31188FFF7BEFF002383F326
:108FE000118808BD194BD96883688B4210B520D110
:108FF000302383F311880269013A0261B2B904682F
:10900000C368A0420B631ED04A6B9BB901238A60E0
:10901000036103681A68026050601A6B8360C26063
:1090200018631846FDF7A2FAFDF702FB002383F34D
:10903000118810BD1C68A34203D0A468A24238BFA7
:109040002246DB68E1E78260F0E700BF883D002050
:10905000024A536B18435063704700BF883D00209D
:1090600038B5EFF311859DB9EFF30584C4F3080417
:10907000302334B183F31188FDF7E6FC85F31188C2
:1090800038BD83F31188FDF7DFFC84F3118838BD08
:10909000BDE83840FDF7D8BC70470000114BD3F84D
:1090A000E82042F00802C3F8E820D3F8102142F08B
:1090B0000802C3F810210C4AD3F81031D36B43F0E7
:1090C0000803D363C722094B9A624FF0FF32DA627A
:1090D00000229A615A63DA605A6001225A611A606A
:1090E000704700BF004402580010005C000C0040B4
:1090F000094A08B51169D3680B40D9B29B076FEADA
:109100000101116107D5302383F31188FDF7B6FA09
:10911000002383F3118808BD000C004010B501390D
:109120000244904201D1002005E0037811F8014F7C
:10913000A34201D0181B10BD0130F2E7884210B5E0
:1091400001EB020402D98442234607D8431EA14200
:1091500008D011F8012B03F8012FF8E7024401466B
:109160008A4200D110BD13F8014D02F8014DF7E716
:10917000C9B2034610F8012B1AB18A42F9D1184638
:109180007047002918BF0023F9E70000034611F8D3
:10919000012B03F8012B002AF9D1704710B50139D2
:1091A000034632B111F8014F03F8014B013A002C8C
:1091B000F7D11A440021934200D110BD03F8011BDE
:1091C000F9E70000346634383139333261383361BD
:1091D000653266300000000012100000121100001D
:1091E000121300004D4435002D2D0A002F617264CA
:1091F0007570696C6F742E6162696E002F617264A4
:109200007570696C6F742D7665726966792E61620E
:10921000696E002F6172647570696C6F742D666C75
:109220006173682E6162696E002F61726475706986
:109230006C6F742D666C61736865642E6162696E13
:10924000000000000000000000000000150F0008F2
:10925000D90F000829110008190F0008D10F0008C4
:109260000000000000000000110F0008E50F0008DA
:10927000611100080D0F0008410F000853544D33D1
:109280003248373F3F3F0053544D333248373378ED
:109290002F3732780053544D3332483734332F3719
:1092A00035332F373530000001105A0003105900B4
:1092B00001205800032056002F00000053756363FF
:1092C00065737366756C6C79206D6F756E7465640B
:1092D000205344436172642028736C6F77646F7706
:1092E0006E3D2575290A0000EB769045584641549D
:1092F000202020004641543332202020000000006E
:109300002A3A3C3E7C223F7F002B2C3B3D5B5D009C
:1093100043554541414141434545454949494141FD
:109320004592924F4F4F5555594F554F9C4F9E9FC9
:1093300041494F55A5A5A6A7A8A9AAABACADAEAF0C
:10934000B0B1B2B3B4414141B8B9BABBBCBDBEBF04
:10935000C0C1C2C3C4C54141C8C9CACBCCCDCECFA0
:10936000D1D145454549494949D9DADBDCDD49DFF9
:109370004FE14F4F4F4FE6E8E85555555959EEEF3D
:10938000F0F1F2F3F4F5F6F7F8F9FAFBFCFDFEFF65
:1093900001030507090E10121416181C1E00000008
:1093A00061001A03E0001703F8000703FF00010043
:1093B00078010001300132010601390110014A0132
:1093C0002E017901060180014D00430281018201D5
:1093D00082018401840186018701870189018A0154
:1093E0008B018B018D018E018F0190019101910103
:1093F00093019401F60196019701980198013D02AD
:109400009B019C019D0120029F01A001A001A201DE
:10941000A201A401A401A601A701A701A901AA0113
:10942000AB01AC01AC01AE01AF01AF01B101B201C2
:10943000B301B301B501B501B701B801B801BA0173
:10944000BB01BC01BC01BE01F701C001C101C201E9
:10945000C301C401C501C401C701C801C701CA01D4
:10946000CB01CA01CD011001DD0101008E01DE0139
:109470001201F3010300F101F401F401F8012801E4
:10948000220212013A020900652C3B023B023D0216
:10949000662C3F0240024102410246020A01530289
:1094A000400081018601550289018A0158028F011D
:1094B0005A0290015C025D025E025F02930161024A
:1094C00062029401640265026602670297019601D6
:1094D0006A02622C6C026D026E029C0170027102C3
:1094E0009D01730274029F0176027702780279026D
:1094F0007A027B027C02642C7E027F02A60181023A
:109500008202A9018402850286028702AE0144021A
:10951000B101B20145028D028E028F0290029102CA
:10952000B7017B030300FD03FE03FF03AC0304004C
:109530008603880389038A03B1031103C20302006F
:10954000A303A303C4030803CC0303008C038E030B
:109550008F03D8031801F2030A00F903F303F4039D
:10956000F503F603F703F703F903FA03FA033004EC
:10957000200350041007600422018A043601C1044C
:109580000E01CF040100C004D0044401610526048B
:10959000000000007D1D0100632C001E9601A01E2E
:1095A0005A01001F0806101F0606201F0806301F5C
:1095B0000806401F0606511F0700591F521F5B1F58
:1095C000541F5D1F561F5F1F601F0806701F0E008F
:1095D000BA1FBB1FC81FC91FCA1FCB1FDA1FDB1F43
:1095E000F81FF91FEA1FEB1FFA1FFB1F801F080659
:1095F000901F0806A01F0806B01F0400B81FB91F5F
:10960000B21FBC1FCC1F0100C31FD01F0206E01FEA
:109610000206E51F0100EC1FF31F0100FC1F4E2195
:109620000100322170211002842101008321D02405
:109630001A05302C2F04602C0201672C0601752CB2
:109640000201802C6401002D260841FF1A0300004E
:10965000C700FC00E900E200E400E000E500E700EC
:10966000EA00EB00E800EF00EE00EC00C400C500EB
:10967000C900E600C600F400F600F200FB00F900A5
:10968000FF00D600DC00F800A300D800D70092014C
:10969000E100ED00F300FA00F100D100AA00BA00E9
:1096A000BF00AE00AC00BD00BC00A100AB00BB0021
:1096B00091259225932502252425C100C200C000D2
:1096C000A9006325512557255D25A200A500102579
:1096D000142534252C251C2500253C25E300C3003A
:1096E0005A25542569256625602550256C25A4003A
:1096F000F000D000CA00CB00C8003101CD00CE0080
:10970000CF0018250C2588258425A600CC008025AF
:10971000D300DF00D400D200F500D500B500FE0074
:10972000DE00DA00DB00D900FD00DD00AF00B40090
:10973000AD00B1001720BE00B600A700F700B800CA
:10974000B000A800B700B900B300B200A025A00087
:1097500010000240080002400008024000000B0018
:1097600028000240080002400408024006010C00E4
:1097700040000240080002400808024010020D00AC
:1097800058000240080002400C08024016030E0078
:10979000700002400C0002401008024000040F005C
:1097A000880002400C000240140802400605100028
:1097B000A00002400C0002401808024010061100F0
:1097C000B80002400C0002401C08024016072F009F
:1097D000100402400804024020080240000838003B
:1097E0002804024008040240240802400609390007
:1097F000400402400804024028080240100A3A00CF
:1098000058040240080402402C080240160B3B009A
:10981000700402400C04024030080240000C3C007E
:10982000880402400C04024034080240060D440043
:10983000A00402400C04024038080240100E45000B
:10984000B80402400C0402403C080240160F4600D7
:109850000100000000000000009600000000000071
:1098600000000000000000000000000000000000F8
:1098700000000000E56C0008E96C0008555800087D
:10988000195800080D570008395700086557000897
:10989000AD56000800000000895B0008755B0008F9
:1098A000B15B00089D5B0008A95B0008955B0008A0
:1098B000815B00086D5B0008BD5B000800000000D4
:1098C000A15C00088D5C0008C95C0008B55C00085C
:1098D000C15C0008AD5C0008995C0008855C00086C
:1098E000215D0008000000000100000000000000F1
:1098F00063300000F0980008000000000000000045
:10990000003E0020304000200001802A00000000BE
:10991000AAAAAAAA00010024FFFF0000000000007C
:1099200000A00A000000000100000000AAAAAAAAE4
:1099300000000001FFFF0000000000000000000028
:109940000000AA0200000000AAAAAAAA000055006E
:10995000FFFF000000000000CCCC0C0020015000F4
:1099600000000000AAAAAAAA10010000FFF300004C
:10997000000C000000000000008046000000000015
:10998000AAAAAAAA00404100FFFD00000000007042
:10999000070000000000000000000000AAAAAAAA18
:1099A00000000000FFFF00000000000000000000B9
:1099B0000000000000000000AAAAAAAA00000000FF
:1099C000FFFF000000000000000000000000000099
:1099D00000000000AAAAAAAA00000000FFFF0000E1
:1099E0000000000000000000000000000000000077
:1099F000AAAAAAAA00000000FFFF000000000000C1
:109A0000000000000000000000000000AAAAAAAAAE
:109A100000000000FFFF0000000000000000000048
:109A20000000000000000000AAAAAAAA000000008E
:109A3000FFFF0000000000000000000053636965A4
:109A40006E746563680053706861726500255345E4
:109A50005249414C250000000200000000000000B7
:109A6000C95E0008455F000840004000E058002043
:109A7000F058002002000000000000000300000079
:109A800000000000915F00080000000010000000CE
:109A9000005900200000000001000000000000004C
:109AA0005C5C002001010200E16D0008F16C00081F
:109AB0008D6D0008716D000843000000C09A000819
:109AC00009024300020100C0320904000001020241
:109AD00001000524001001052401000104240202F4
:109AE0000524060001070582030800FF09040100A0
:109AF000020A00000007050102400000070581027C
:109B000040000000120000000C9B00081201100130
:109B10000200004009124157000201020301000047
:109B20000403090425424F415244250030313233A9
:109B30003435363738394142434445460000000049
:109B400000000020000002000200000000000030C1
:109B500000000400080000000000002400000800CD
:109B6000040000000004000000FC000002000000EF
:109B700000000430008000000800000000000038F1
:109B800000000100010000001F1C1F1E1F1E1F1FE0
:109B90001E1F1E1F1F1D1F1E1F1E1F1F1E1F1E1FDD
:109BA0000000000025610008CD630008656400081E
:109BB00040004000945D0020945D00200100000002
:109BC000A45D0020800000004001000008000000AB
:109BD00000010000001000000800000069646C65CE
:109BE000000000006D61696E002C0638040438081E
:109BF0000C10141C20242526000000000000640422
:109C00000100040000000000000C001028303400A7
:109C10005868FF7F0100000073170000000000007B
:109C200000001A0000000000FF0000003840002083
:109C300018390020000000007C9200088304000016
:109C4000879200085004000095920008010000006F
:109C500000000000009600000000080096000000D0
:109C60000008000004000000209B00080000000025
:109C700000000000000000000000000000000000E4
:049C800000000000E0
:00000001FF
